2563367947,august_shilme,,188,293,蔡徐坤超话粉丝大?4
6529218955,布丁茶lcsxyk,,145,227,
7343042580,小葵葵有点困,,4,36,给蔡困做积分的小??7
7290404537,日常伤感患?,24,84,追星?5,23
7249230086,·挽歌·,,32,126,花花世界，静守己?0
6892834054,Kunming201812,,62,303,
6582087265,沦陷于蔡徐坤的IKUN,,147,257,高冷的小猫咪
6242181166,啊哦额阿呼A,,7,68,
5750111375,802号系?,19,222,如果你有眼睛的话，就不要用耳朵去了解他,10
6531540402,用户6531540402,,7,107,
7328944311,苏湘1998,,23,213,
5647440925,土申_lv,,17,132,
6768593071,菜菜妈咪?,17,113,,4
6986187403,葵味雏田,,7,58,ikun宝贝快康康我‼厦门ikun快和我面基❗?10
2599705043,全世界最好的小玫?,189,1053,最爱小玫瑰,7
5573397816,喜你伴你,,100,783,蔡徐坤超话粉丝大?2
6509278477,E-PAO,,88,337,don't leave me alone
5309058486,蔡徐坤的wifecc,,20,81,干脆果断
3563301530,CC芒果小甜?,759,1029,ฉันรักเธอ,15
3952817986,静守初心的云,,35,281,
6612579736,坤的比巴?,125,502,ikun,4
2315422803,niowkd_811,,351,3335,视频自媒?4
6869506871,激怒勿_a9uqx,,65,4949,
7040888857,私家鞋柜620,,935,3218,买鞋请加我Ｖ? NB6571
7041586073,译_风吹裤衩蛋蛋?,44,674,,4
6965244270,灞王?510,,45,2183,
3815456758,乐乐小小?,13319,4963,综艺博主,4
6693332597,毛芳?323,,11,1742,
6899429714,宁缺毋滥丶Hoae,,91,1429,
6937986751,球球岱打27540,,51,1227,
6889211680,颜若惜丶Hugohen,,96,2165,
6064227148,幻墨如烟--,,2116,4897,  腾龙（厦门）投资有限公司市场主管
1712749894,王治?496,,160,716,越努力越幸运（唯坤互粉）
6384440096,seapr小乐,,292,1949,热热?4
6895614215,grpgi64b,,52,1929,
5450915701,开开心心每天都要,,249,1093,Het leven is altijd mooi
6661956199,花痴_Lukaf,,88,2623,
5212554470,骞全任三只猪blog,,200,1459,
3820990965,貪翫的围脖德,,584,2204,天才并不是自生自长在深林荒野里的怪物，是由可以使天才生长的民众产生、长育出来的，所以没有这种民众，就没有天才。－－鲁?4
3837167350,孩子的眼?2?,472,2144,亲善产生幸福，文明带来和谐?4,0
5722553988,乖乖养坤,,1192,261,蔡徐坤超话粉丝大?4
6347062382,小熊椰奶K,,381,335,蔡徐坤超话粉丝大?4
6474953275,三三三_THREE,,82,145,蔡徐坤超话粉丝大?4
5136856862,伴你远航k,,233,210,
6067621522,宏观对冲陈凯丰Kevin,,100137,15273,知名财经博主
2261168894,lost_cardinal,,1852,3226,蔡徐坤超话粉丝大?4
2526386883,ikun_我不是顾横波,,2441,4771,只爱蔡徐?4
6022478547,莘辰星星?,66,175,爱困,7
3012886555,_VERA---,,365,191,語虛，何以言之?5
7397663476,Convergence7,,8,73,
7397663657,Convergence17,,19,88,
7400401727,Convergence2,,12,85,
7400085589,Convergence3,,12,89,
7397354070,Convergence9,,17,84,
7397354080,Convergence11,,14,82,
7397354151,Convergence10,,16,80,
7397354173,Convergence14,,19,86,
7397354181,Convergence15,,18,83,
7397354193,Convergence16,,19,84,
7397663527,Convergence12,,16,81,
7397663612,Convergence13,,19,89,
7397663613,Convergence8,,17,101,
7397663596,Convergence6,,14,84,
7400456683,Convergence4,,16,82,
7400675187,Convergence1,,16,27,
7399890062,Convergence__,,19,88,
7314034593,储蓄卡你最好看呀,,15,47,
6161695069,掌上明猪0802,,15,53,ikun
7229718434,AK懿歌倾境,,19,122,
7394317681,小悦忙着想琳?,2,9,等我攒够了六便士就去找月?0,1
6067995561,蔡徐坤纯粉站,,118252,157,蔡徐坤超话粉丝大?10
6878306814,用户6878306814,,27,259,爱惜自己
7309797688,坤坤的某一?,89,243,,1
6036809163,全维士全?,16,113,,0
2304725804,小破熊爱熊抱ing?,491,4739,,0
6190161265,缘轻?,148,4732,如果心胸不似海，又怎能有海一样的事业?0,0
5939828130,李菡芮LL199501,,455,3968,
3847621502,菜菜真可爱啊,,336,1808,
5591317717,左亲亲右亲亲2015,,309,620,
6692807697,用户6560403364,,11,1439,
2824665090,皮卡丘的逆袭,,340,4818,
6633133279,ikun哗哗,,27,129,花花世界，静守己❤️
6806278620,爱坤08545,,247,471,陪你成长，看你成王，只要你开心快乐，加油?0
6026229965,香菜的粉丝儿,,159,655,蔡蔡好香?11
7264873390,爱坤的艳?25,,117,414,爱我所爱的人，做我该做的事?0
6964114120,兔子包包-pink,,6,134,
6798472831,跨界区块链杨_?,138,295,,8
5315220766,KKKKK-池鱼?,383,230,蔡徐坤超话粉丝大?0,3
6751955912,就是这么可爱?,13,87,,0
5917299641,微甜的回忆麽,,48,139,
7116350840,19岁的奇妙相遇,,58,97,一切困? 陪你面对@蔡徐?9
7293860525,釒屋藏K,,79,121,
6540699931,浅荨予梦,,154,294,花花世界，静守己心。唯蔡徐?4
7103154800,KUN小王?,41,238,,6
6034285888,小蔡-是我?,109,266,没啥可说?6,9
5410338761,勇敢的boy0914,,197,304,蔡徐坤超话粉丝大?6
6809973681,时光机我想见kun,,99,253,一个很繁华的城市，当中一个很寂寞的身?11
6816290105,小葵健康成长,,46,258,
6878732385,小乖?01,,63,191,
6590324248,福泡泡爱福蓉?018,,229,146,
6445945936,依问宝贝,,160,414,
6895752083,cxk-?,24,253,,6
5619143897,甜憇小葵,,148,261,蔡徐坤超话粉丝大?6
5694696312,芹菜炒芮,,141,196,蔡徐坤超话粉丝大?6
1939438287,庭园深深2011,,135,179,做一个快乐开心的?6
1729384931,kun?,453,508,Work hard，Play hard?6,4
2260115822,让你的心静下?,315,1778,“生活不一定得是完美的才能精彩。?保持乐观的心态，别老是羡慕别人，才能享受人?,6
6028205615,我在这里等等等很久了,,201,483,来自另一个星?6
2624760915,Miss_小兰?,336,227,蔡徐坤超话粉丝大?6,3
6522674359,爱吃蛋炒饭的猫咪咕噜,,372,639,花花世界 静守己心
5407002847,Sunshine糖豆?,297,787,一直在路上的Sunshine&amp;Kun,6
6544908388,莫愁奎葵,,161,252,蔡徐坤姐姐粉
5850300383,困困的喵?,263,408,爱我所爱，尽其所有?6,5
5708646983,葵葵的哥哥奎?,84,128,努力是为了站在万人中央，成为别人的光?6,18
7018882733,葵葵还没长大,,104,499,不燃怎YOUNG?8
5233058997,嘻嘻钓叟莲娃2020,,314,793,随心所欲的生活?6
6607824425,??2523,,40,243,一个喜欢热巴的普通人
6571430934,扔飞机的小葵,,55,105,IKUN
6962525136,吧唧吧唧蔡小葵呀,,28,135,本命蔡徐?10
7229802938,蓝莓味的小坤,,422,424,kun＆ikun
7023407520,初樱源樱,,206,433,葵葵的静静♡
7311446690,小杏萘菜,,59,243,蔡徐坤一直都是我的光
6592857478,K_奎葵牛轧?,165,415,狙擊野葵_LOVER?10,3
6972295588,蔡先生家的冰激?,77,598,未曾谋面的终将会相遇,15
6389182279,超可可的小葵,,101,20,未曾谋面的终将会相遇
6575620450,kkkun玖_,,5,99,『蔡徐坤值得更好?  &lt;&lt;&lt;宝藏&gt;&gt;&gt;   &lt;&lt;&lt;金海早晚会在黑夜中爆?gt;&gt;&gt;
5777418219,蔡徐坤太会了?,131,155,蔡徐坤超话粉丝大?10,1
6546309833,82号诗?,137,225,蔡徐?,10
7293972957,蔡大奎的茹茹,,64,239,蔡徐坤是我的
6673081375,乐熙KUN,,216,333,蔡徐坤工作室旗下艺人IKUN女团
6180226232,颜苒?KUN,,67,164,ᴄ̶ᴀ̶ɪ̶x̶ᴜ̶ᴋ̶ᴜ̶ɴ̶�
6977954261,春日恋坤?,14,55,初见蓝玫瑰＂,10
6663307781,喜欢蔡徐坤的小涵,,17,90,喜欢蔡徐?amp;NINE PETCENT
5844603358,三份牛排k,,107,135,KUN＆IKUN
6186424527,fairy芒果?,292,138,众生皆苦 唯有蔡先生是甜甜的�,10
5694072239,Deeplove-KUN_?,129,111,未曾谋面的也终将会相遇~,2
5994640926,KUN星云song,,173,208,KUN and IKUN is forever.
6501137457,蔡徐坤小葵i,,14,83,蔡徐坤的ikun
6572109730,wo亲一口坤?,139,157,蔡徐坤超话粉丝大?10,1
7261040296,玖捌的旺仔小?,13,209,未曾谋面的也终将会相?,10
6800456314,爱一爹吮,,96,127,做一只快乐的猪猪
6530343745,旺o仔牛奶Oo,,31,54,甜味葵葵
7304134345,小葵偷了个奎,,14,34,Kun＆ikun
6049825461,喝牛奶的葵葵,,62,225,蔡徐坤超话粉丝大?10
6576004766,小困的颜?,122,129,蔡徐坤粉丝大?,10
7196291771,喜李LEE,,113,192,沉迷蔡徐?10
6211955783,KUN_尤川,,173,291,总会有人会为了你的开心费尽心?
6499054935,偷葵葵回?,49,46,"あ鸢尾绽?一瓣心?折刃不弃,纸质柔情.",10
6935389475,Adelaide_KUN,,67,236,KUN&amp;IKUN
6246043696,HUMAN08IDEAL02KUN,,63,94,蔡徐坤超话粉丝大?10
7020310957,KUN-?,87,206,追原创歌手蔡徐坤,10
6982259166,Already802,,164,180,花花世界 静守己心
6538318633,苒苒心动蔡困,,264,296,蔡徐坤是信仰?10
6096280483,蜜桃甜困_,,115,161,陪蔡徐坤漫游星际.
6614850306,捕坤专家,,58,100,Ikun一?10
6619225658,kun的小裤头,,43,84,54南婗
7425586640,K-坤子?,2,26,,10
7413180111,奎奎的蓠?,13,117,,10
6619913385,坤坤家的小脑?,99,351,我是ikun，一生一世只爱蔡小醋 披金成王，伴坤远?向阳花木易春，听说你爱蔡徐坤,10
6549263945,小葵环游?,,293,308,共赴黑暗
6776341214,#NAME?,,24,239,蔡徐?  黄明?  林彦?  NINEPERCENT
6582199750,小葵一一ikun,,273,268,
6637517151,kdclxa?,298,439,我的小朋友漂亮可?10,1
6478331604,巨c小蔡_KUN,,1423,526,蔡徐坤超话粉丝大?问答答主
6348916274,是依?,224,262,KUN&amp;IKUN,10
6450820755,隔壁82号奶茶铺,,162,332,蔡徐坤超话粉丝大?10
6522449006,元气小葵cxk,,67,213,学业繁忙
6570496011,菜菜是苏辞汐的宝?,417,434,问答答主,10
6920093208,蔡徐坤的虾米,,23,137,和蔡徐坤一起走花路?10
6472175945,零八零二女孩,,72,223,蔡徐坤超话粉丝大?10
6150492219,渡劫cxq,,111,393,初三 一?加油?10
6520158906,尤九爱一?,32,83,未曾谋面的也终会相遇,10
6971798816,浣熊泡泡水OoOo,,35,105,��?10
6571551613,葵花基地802,,140,285,一爹的AK超话主持?10
7325385922,LQY爱kun呀,,99,301,本命～蔡徐坤??KUN??10
3232816362,Renascenc-E,,1319,367,I am allergic to people
7347414871,菜困lll,,2,46,
6515540999,抱走小困-kun,,508,563,好像没闪?10
6782438159,半糖CG,,166,138,答主
6538399286,零三年的爽歪?,2246,644,娱乐博主 蔡徐坤超话粉丝大?10,6
6134332590,KXUQN,,223,296,蔡猪很困?10
6436406080,值得去喜欢那个未曾谋面的K,,113,220,
6446624042,kun的皮皮啊,,757,548,蔡徐坤超话粉丝大?7
6344550934,对蔡徐坤心动的敏?,332,373,蔡徐坤超话粉丝大?10,1
7438219134,超级小小葵噢,,2,14,
7364065267,日常心动蔡徐?,4,55,枪与玫瑰，都为蔡徐坤待命,10
6533894546,朝他的方向前?,139,125,,4
6598072442,琼琼97998,,205,180,ikun小h
6102902214,追菜小快?,24,49,,8
7006343205,娜娜小甜甜love,,38,207,
6859949892,红枫802LOVEK,,132,152,ikun
6885732860,ikun心晴,,157,299,
6718183638,哒哒小小kui,,90,127,
7325897615,用户7325897615,,3,276,
6189354870,心儿6189354870,,21,406,
6315687029,王德?,1,210,,8
3932501721,XLion802,,200,189,蔡徐坤超话粉丝大?7
7187162480,懒菜300,,17,49,
5646473715,奈斯的楚青凌,,20,133,山西太原一小姑娘，没啥特别?8
7339657229,粉紫12,,13,67,喜欢彭捷的海外狗
6864481415,BethandRuthandG,,38,63,
6744268152,爱喝阔乐的可小乐,,43,140,"Hi,这里是可小乐同学? （不领ikun粉籍的o?,11,3,2,5,10,0.19218,0.21372,0.000824,0,0.027879,3,2,5,0.000258,0.000155,0.000642
7278598295,草莓味小牛排,,116,137,我喜欢坤子哥,8,1,1,2,10,0.18599,0.203454,0,0,0.011566,1,1,2,0.000232,0.000002,0.000484
6553522156,虚拟爆炸,,41,142,i kun,8,2,3,5,8,0.232628,0.257063,0.001293,0,0.012928,2,3,5,0.000025,0.000032,0.000372
6866987438,养菜yepep,,122,268,蔡徐坤！！麻麻爱?8,1,3,4,8,0.230654,0.252244,0.000859,0.166667,0.010762,1,3,4,0.000007,0.000075,0.000606
7055746683,如诗如梦71625,,38,1072,,8,0,1,1,10,0.186243,0.204094,0,0,0,0,1,1,0,0.000002,0.000179
5118606182,思坤馨语,,324,112,单枪匹马也懒得热?1,2,2,4,9,0.202543,0.219576,0.001978,0,0.011832,2,2,4,0.000226,0.000023,0.000633
6468576636,葵葵?,136,360,,1,1,1,2,10,0.171875,0.183637,0,0,0.004729,1,1,2,0.000217,0,0.000463
3590928495,如释重负的陈姑娘,,360,203,人生格言：吃吃吃吃…?1,1,1,2,10,0.171875,0.183637,0,0,0.004729,1,1,2,0.000217,0,0.000463
6575883913,蔡徐坤的小水?,441,390,休息一?1,2,3,5,9,0.204606,0.224735,0.002311,0,0.012334,2,3,5,0.00023,0.00004,0.000568
6442543337,蔡徐坤是ikun的宝?,314,259,就是喜欢NINEPERCENT没有理由，不接受反驳,10,1,1,2,3,0.5,0.555556,0,0,0.003848,1,1,2,0.000215,0,0.000647
5603305189,蔡哥哥的小公主呀,,610,305,蔡徐坤偶像练习生超话小主持人,10,2,1,3,3,0.5,0.555556,0.00429,0,0.011763,2,1,3,0.000222,0,0.000729
6923640688,奎葵的星?,56,81,披金成王 伴坤远航,10,1,1,2,3,0.5,0.555556,0,0,0.003848,1,1,2,0.000215,0,0.000647
6258370203,床咚小奶?,196,196,KUN的唯?数据粉！为了坤坤做好数据！！?10,1,1,2,3,0.5,0.555556,0,0,0.003848,1,1,2,0.000215,0,0.000647
7367948990,喜葵0802,,29,103,,7,1,1,2,10,0.183698,0.20061,0,0,0.030889,1,1,2,0.000232,0.000005,0.000886
6605147337,用户小虫虫虫?,194,155,kun&amp;ikun♥️,6,6,4,10,8,0.236802,0.260199,0.01551,0.013889,0.053154,6,4,10,0.000275,0.00059,0.001232
6212408547,坤哥的阿姨粉,,104,233,披金成王，伴坤远航！,7,2,3,5,10,0.200347,0.226916,0.020861,0,0.090093,2,3,5,0.000469,0.000075,0.002198
6859715291,爱吃他爱吃的芹菜炒牛?,48,76,想你?8,2,1,3,10,0.183698,0.20061,0.000154,0,0.036399,2,1,3,0.000243,0.000005,0.001011
7221073606,葵宝宝加?,84,458,kun&amp;ikun,6,5,8,13,8,0.244963,0.277031,0.019985,0.081818,0.078269,5,8,13,0.000273,0.0002,0.001594
6963064074,蔡徐坤的?,49,101,,7,1,1,2,10,0.183698,0.20061,0,0,0.030889,1,1,2,0.000232,0.000005,0.000886
6089345471,柒妹子丶,,65,242,蔡徐坤超话粉丝大?7,1,1,2,10,0.183698,0.20061,0,0,0.030889,1,1,2,0.000232,0.000005,0.000886
6035757808,ling小kui?,23,341,做一个温暖的人，不卑不亢，清澈生活?7,1,1,2,10,0.183698,0.20061,0,0,0.030889,1,1,2,0.000232,0.000005,0.000886
6568808560,坤哥的熊宝宝,,146,242,蔡徐坤超话粉丝大?7,1,1,2,10,0.183698,0.20061,0,0,0.030889,1,1,2,0.000232,0.000005,0.000886
2672182155,菜菜三岁?,587,716,蔡徐坤的小砖头，哪里需要哪里搬,7,3,2,5,10,0.191304,0.211298,0.000877,0.25,0.039472,3,2,5,0.000239,0.000011,0.001164
2450673044,你是我de蔡_,,582,514,广大群众之一all for music all  for  kun,7,3,2,5,10,0.191304,0.211298,0.002351,0.25,0.045906,3,2,5,0.000247,0.000011,0.001334
3101325397,菜菜要开?,534,1083,爱吃青菜,7,2,5,7,10,0.191542,0.214545,0.000652,0.3,0.032073,2,5,7,0.000235,0.000064,0.000937
2998799797,葵味唯C,,548,475,唯葵,7,2,2,4,10,0.191304,0.211298,0.000522,0.5,0.036751,2,2,4,0.000237,0.000011,0.001046
7350583588,超爱葵葵的小猫咪,,69,200,kunikunisforever?10,0,4,4,8,0.231269,0.256996,0,0,0,0,4,4,0,0.000202,0.000179
1651061981,露露blog_eeg,,137,782,,7,0,1,1,10,0.183949,0.201256,0,0,0,0,1,1,0,0.000005,0.000179
6287459755,用户6287459755,,1,76,,7,0,1,1,10,0.183949,0.201256,0,0,0,0,1,1,0,0.000005,0.000179
6979894904,春风?3741,,11,259,,10,0,2,2,10,0.195689,0.217571,0,0,0,0,2,2,0,0.000158,0.000179
7411688363,苏染染眼里有星辰大海,,16,343,ikun＋达琳❤ 微信?cindychaokeai 扩列加我✨✨,7,0,1,1,10,0.183949,0.201256,0,0,0,0,1,1,0,0.000005,0.000179
6633940112,不可触及40248,,44,437,,7,0,1,1,10,0.183949,0.201256,0,0,0,0,1,1,0,0.000005,0.000179
6417420607,领导不来?,1734,14388,做工务农读书当公仆，有情有仁有义有担当?7,0,1,1,10,0.183949,0.201256,0,0,0,0,1,1,0,0.000005,0.000179
7284655367,潮鞋工厂5256,,12,2032,,2,0,1,1,10,0.179946,0.196631,0,0,0,0,1,1,0,0.000009,0.000179
2983878734,d瑞丽潮包包SHO_,,17,2158,,2,0,1,1,10,0.179946,0.196631,0,0,0,0,1,1,0,0.000009,0.000179
3800888558,朴果实呀p,,635,2509,财经视频自媒?2,0,1,1,10,0.179946,0.196631,0,0,0,0,1,1,0,0.000009,0.000179
5834543676,葵宝的悦?,1,50,,2,0,1,1,10,0.179946,0.196631,0,0,0,0,1,1,0,0.000009,0.000179
7459529293,金love爱坤,,5,41,爱坤新粉,2,0,1,1,10,0.179946,0.196631,0,0,0,0,1,1,0,0.000009,0.000179
2366705183,-a瑞丽靓包包秀SHOW-,,31,2027,,2,0,1,1,10,0.179946,0.196631,0,0,0,0,1,1,0,0.000009,0.000179
7340436885,张yuanp,,169,236,ikun,2,1,2,3,8,0.19871,0.215587,0,0.5,0.002626,1,2,3,0.000002,0.00001,0.000336
7214568353,TongtongWu_,,7,68,蔡徐坤值得?2,0,1,1,10,0.179946,0.196631,0,0,0,0,1,1,0,0.000009,0.000179
7067758304,堕世46757,,25,191,,10,0,2,2,10,0.185571,0.206638,0,0,0,0,2,2,0,0.000162,0.000179
7220059498,小坤不是哭包O,,824,385,蔡徐坤壁纸无水印超话小主持人,2,2,3,5,8,0.213296,0.234704,0.001603,0.166667,0.010161,2,3,5,0.000002,0.000033,0.000553
5206945510,本人不上岸不改名,,158,273,要么把梦变成现实，要么一辈子做梦,17,3,4,7,9,0.212414,0.234941,0.003191,0.25,0.044207,3,4,7,0.000231,0.000014,0.001931
6323180320,蔡徐坤的小仙女k,,128,94,坤哥,2,21,1,22,10,0.179697,0.195974,0,0.047619,0.064634,21,1,22,0.000297,0.000009,0.003059
7314485051,喜欢坤哥的小?,13,137,爱坤坤的小李呀！�?2,0,1,1,10,0.179946,0.196631,0,0,0,0,1,1,0,0.000009,0.000179
7302287423,坤的少女0802,,78,98,蔡徐坤是人间理想,2,0,1,1,10,0.179946,0.196631,0,0,0,0,1,1,0,0.000009,0.000179
5184615382,AK-Miss,,121,234,日常追星?2,1,1,2,10,0.179697,0.195974,0,0,0.028624,1,1,2,0.000228,0.000009,0.001403
6597053324,2020风轻云淡,,166,304,,16,6,9,15,8,0.263398,0.303383,0.040108,0.027273,0.102685,6,9,15,0.000803,0.000322,0.002715
5814522194,厉害了我的坤forever,,357,475,蔡徐坤超话粉丝大?2,3,3,6,10,0.181034,0.200535,0.003608,0.083333,0.01325,3,3,6,0.000219,0.000025,0.00075
7354693910,乂氼17305,,28,61,Only for KUN❤️❤️❤️❤️,3,4,3,7,10,0.196262,0.221226,0.004593,0.083333,0.079837,4,3,7,0.000466,0.000044,0.003951
5514651065,禾火i_i,,115,457,Better at seventy,15,1,1,2,3,0.454545,0.533333,0,1,0.028346,1,1,2,0.000239,0.000018,0.000736
6528251903,802号量贩日?,81,287,KUN&amp;IKUN,15,0,1,1,3,0.428571,0.5,0,0,0,0,1,1,0,0.000018,0.000179
6890158475,郧伪步嘉?87,,99,4760,,15,0,1,1,3,0.428571,0.5,0,0,0,0,1,1,0,0.000018,0.000179
5148685042,阿酒呀11,,185,3636,店主Vx?455540154,15,0,1,1,3,0.428571,0.5,0,0,0,0,1,1,0,0.000018,0.000179
6589926624,用户0529103459,,64,3236,,15,0,1,1,3,0.428571,0.5,0,0,0,0,1,1,0,0.000018,0.000179
2892820193,河囿故宫卖红?,69,1532,,15,0,1,1,3,0.428571,0.5,0,0,0,0,1,1,0,0.000018,0.000179
6330195246,潮品集中?61,,129,2013,Yeezy全系?购鞋WeChat：ouyesi666,15,0,1,1,3,0.428571,0.5,0,0,0,0,1,1,0,0.000018,0.000179
6589974647,用户0537469027,,71,3168,,15,0,1,1,3,0.428571,0.5,0,0,0,0,1,1,0,0.000018,0.000179
3982638023,kitty小花?,416,2064,,15,0,1,1,3,0.428571,0.5,0,0,0,0,1,1,0,0.000018,0.000179
6222077618,小傻子狸,,9,92,,15,0,1,1,3,0.428571,0.5,0,0,0,0,1,1,0,0.000018,0.000179
6259877837,76号头号特?,17,12,来不?不是tjx,15,0,1,1,3,0.428571,0.5,0,0,0,0,1,1,0,0.000018,0.000179
1985323154,子蛋1,,47,2749,,15,0,3,3,9,0.20307,0.223768,0,0,0,0,3,3,0,0.000043,0.000179
2702462273,·池困奈美·,,6153,230,娱乐博主 蔡徐坤超话粉丝大?15,3,2,5,12,0.136525,0.150639,0.00179,0,0.017831,3,2,5,0.000013,0.000032,0.000454
6601760690,2-钮钴禄·AK,,149,395,,16,0,1,1,10,0.177395,0.191149,0,0,0,0,1,1,0,0.000004,0.000179
2636639725,奇奇_dake,,419,600,,8,31,2,33,10,0.177147,0.19048,0.003008,0.072043,0.428356,31,2,33,0.001983,0.000004,0.005727
1778329255,18岁的刚捷Nicole,,437,4962,,16,0,1,1,10,0.177395,0.191149,0,0,0,0,1,1,0,0.000004,0.000179
1583938692,宝贝嘉实,,512,1234,,16,0,1,1,10,0.177395,0.191149,0,0,0,0,1,1,0,0.000004,0.000179
1583121453,大叔控_飞光,,386,2457,,16,1,2,3,10,0.177395,0.191149,0,0.5,0.001613,1,2,3,0,0.000004,0.000179
2805259454,公馆外村美玲,,275,4916,,16,0,1,1,10,0.177395,0.191149,0,0,0,0,1,1,0,0.000004,0.000179
2919711642,2U精分奇葩饭昊?995,,279,2083,,16,0,1,1,10,0.177395,0.191149,0,0,0,0,1,1,0,0.000004,0.000179
1584064104,小宝宝浩言,,385,300,,16,0,1,1,10,0.177395,0.191149,0,0,0,0,1,1,0,0.000004,0.000179
1589686770,在江湖cosmopolitan,,406,4927,,16,1,2,3,10,0.177395,0.191149,0,0.5,0.001613,1,2,3,0,0.000004,0.000179
2920157932,倔强的谢伊米1983,,407,1234,,16,0,1,1,10,0.177395,0.191149,0,0,0,0,1,1,0,0.000004,0.000179
2920415510,哈喽奇犽1980,,338,4945,,16,1,2,3,10,0.177395,0.191149,0,0.5,0.001613,1,2,3,0,0.000004,0.000179
2919799754,coolboy鲁飞1987,,372,2475,,16,0,1,1,10,0.177395,0.191149,0,0,0,0,1,1,0,0.000004,0.000179
3043658692,李生葵的围脖,,192,1240,,16,0,1,1,10,0.177395,0.191149,0,0,0,0,1,1,0,0.000004,0.000179
1777471694,18岁的俊捷butterfly,,462,1234,,16,0,1,1,10,0.177395,0.191149,0,0,0,0,1,1,0,0.000004,0.000179
2789857120,1790599021芳蔼,,276,299,,16,0,1,1,10,0.177395,0.191149,0,0,0,0,1,1,0,0.000004,0.000179
2920530160,地盘古泉一?987,,442,4926,,16,0,1,1,10,0.177395,0.191149,0,0,0,0,1,1,0,0.000004,0.000179
3045411050,郦建?987,,181,2471,,16,0,1,1,10,0.177395,0.191149,0,0,0,0,1,1,0,0.000004,0.000179
2803729604,V5娑萝,,369,4653,,16,0,1,1,10,0.177395,0.191149,0,0,0,0,1,1,0,0.000004,0.000179
3043665180,权娜?21,,237,1237,,16,0,1,1,10,0.177395,0.191149,0,0,0,0,1,1,0,0.000004,0.000179
7376033860,请看头像--孙庆?00,,24,4810,,4,0,1,1,10,0.176718,0.190876,0,0,0,0,1,1,0,0.00055,0.000179
7003689909,木木木慕?88,,100,351,,4,0,1,1,10,0.176718,0.190876,0,0,0,0,1,1,0,0.00055,0.000179
6348377231,菊花泣血,,194,390,,13,1,4,5,9,0.208578,0.232403,0.00002,0.1,0.00236,1,4,5,0.000009,0.000772,0.000213
6874750714,kunkunmamama,,84,111,猪咪正牌妈咪,8,2,3,5,9,0.203345,0.225053,0.000527,0.1,0.005717,2,3,5,0.000232,0.000585,0.000264
7276463016,我还木有?,78,115,,12,0,4,4,10,0.179388,0.19948,0,0,0,0,4,4,0,0.000577,0.000179
5826013266,Catching_K,,77,136,唯你,4,1,1,2,10,0.176471,0.190207,0,0,0.028295,1,1,2,0.000257,0.00055,0.001207
2128787901,静心听琴品人?,508,887,用勇气去接触生命中的每一个真实的发生?4,24,3,27,9,0.198881,0.218089,0.006522,0.043077,0.0693,24,3,27,0.00688,0.000594,0.002655
6691945292,用户6561844990,,19,2358,,4,0,2,2,10,0.176988,0.192604,0,0.5,0,0,2,2,0,0.000579,0.000179
6474576196,菜菜也喜欢听相声,,87,93,,8,6,2,8,9,0.198028,0.215715,0.002136,0.071429,0.082603,6,2,8,0.000443,0.000575,0.000824
6347181983,生命如歌英子,,84,125,,4,0,1,1,10,0.176718,0.190876,0,0,0,0,1,1,0,0.00055,0.000179
6900042802,boom00645,,59,233,一个小?11,44,25,69,8,0.268917,0.322524,0.062202,0.037374,0.368512,44,25,69,0.0009,0.004097,0.017851
6923049212,弦么祭味?10,,41,3426,,4,0,1,1,10,0.176718,0.190876,0,0,0,0,1,1,0,0.00055,0.000179
6505846123,随意起的名字可以?,212,234,,11,11,9,20,7,0.28017,0.317063,0.030238,0.038462,0.167422,11,9,20,0.000766,0.000693,0.002105
6460657803,是蔡徐坤的cooky,,248,555,蔡徐坤超话粉丝大?4,0,2,2,10,0.176988,0.192604,0,0.5,0,0,2,2,0,0.000579,0.000179
6923118654,难以c_h_o_i_c_e_,,66,4460,我非你杯?4,0,1,1,10,0.176718,0.190876,0,0,0,0,1,1,0,0.00055,0.000179
7040101920,次甲凳市?52,,47,4924,,4,0,1,1,10,0.176718,0.190876,0,0,0,0,1,1,0,0.00055,0.000179
6622536320,带小葵看星星,,141,275,?徐坤超甜?15,1,1,2,10,0.180964,0.198476,0.000197,0,0.008236,1,1,2,0.000004,0.000016,0.000257
6631780617,野蔷?7267,,170,894,,17,62,14,76,9,0.22042,0.257777,0.072823,0.049038,0.421705,62,14,76,0.000224,0.003277,0.021611
2473223860,小水珠YOYO,,364,376,蔡徐坤超话粉丝大?17,0,1,1,10,0.18093,0.198408,0,0,0,0,1,1,0,0.000016,0.000179
7312381486,小小葵花zai,,43,85,,11,3,2,5,10,0.187652,0.208255,0.000764,0,0.014108,3,2,5,0.000016,0.000034,0.000683
7456416399,xie览em,,18,4924,,17,0,1,1,10,0.18093,0.198408,0,0,0,0,1,1,0,0.000016,0.000179
7411527114,心未眠丶darlingBU,,1,125,,17,0,1,1,10,0.18093,0.198408,0,0,0,0,1,1,0,0.000016,0.000179
6896952392,莉莉千梦,,123,378,永远爱你,1,2,2,4,10,0.202365,0.225393,0.001293,0,0.0124,2,2,4,0.000014,0.000016,0.000451
6232549202,?617,,383,514,陪着一个叫蔡徐坤的优秀男孩长大,3,2,3,5,9,0.229508,0.25502,0.00091,0,0.015685,2,3,5,0.000014,0.000043,0.000402
6575382605,吾七0,,57,187,你现在所经历的磨难，未来都会成为你的下酒?17,0,1,1,10,0.18093,0.198408,0,0,0,0,1,1,0,0.000016,0.000179
1801270387,EndNov,,458,1044,坐远点，吸口仙气得了。神仙听不到凡人BB,17,2,2,4,10,0.180751,0.198116,0,0.666667,0.013758,2,2,4,0.000005,0.000016,0.000283
1824548433,忘卻de曾經,,240,193,唯爱我坤,17,1,1,2,10,0.18068,0.197755,0,0,0.059205,1,1,2,0.000237,0.000016,0.001491
5393028379,三岁的猫?,109,226,,17,2,1,3,10,0.180751,0.198116,0,0.5,0.01409,2,1,3,0.000003,0.000016,0.000805
6895103112,凤玲珑的故事,,157,485,,17,6,2,8,10,0.183115,0.20287,0.000795,0.214286,0.098247,6,2,8,0.00028,0.000017,0.001919
6477975889,QYR·802,,174,393,爱不与猜忌同?17,3,4,7,8,0.239378,0.264226,0.006013,0.1,0.024916,3,4,7,0.000327,0.000068,0.000589
7293523020,Yp将晚8_vY,,3,94,,17,0,1,1,10,0.18093,0.198408,0,0,0,0,1,1,0,0.000016,0.000179
6929759067,小玫瑰就是爱音乐,,154,590,远赴人间惊鸿宴，一睹人间盛世颜,17,3,3,6,10,0.195349,0.219536,0.004966,0.166667,0.061717,3,3,6,0.000016,0.000038,0.001865
6289122899,小坤儿wk,,87,140,四点小耗子,17,0,1,1,10,0.18093,0.198408,0,0,0,0,1,1,0,0.000016,0.000179
6525483543,Sunshine七秒记忆的鱼,,95,231,爱做白日梦的蜗牛,17,5,8,13,8,0.22137,0.250575,0.008523,0.232143,0.103375,5,8,13,0.000271,0.000092,0.002601
7279389624,幽小灵yyyy,,763,416,开心便可~别改变我?11,3,4,7,9,0.225256,0.252512,0.000627,0.033333,0.016768,3,4,7,0.000024,0.000066,0.000466
6554792910,一个叫阿稚的ikun,,40,152,,17,1,1,2,10,0.18068,0.197755,0,0,0.059205,1,1,2,0.000237,0.000016,0.001491
6084132174,安妮开心罐?,279,551,粗人 好色,17,3,3,6,8,0.202188,0.226799,0.001671,0.3,0.024165,3,3,6,0.000023,0.000024,0.000499
6559203183,初粉唯你,,108,674,,13,1,2,3,10,0.182898,0.203779,0.000582,0,0.010149,1,2,3,0.000002,0.000036,0.000564
6869635005,奎葵好多?,132,260,KUN&amp;IKUN❤️,12,2,0,2,0,0,0,0,0,0.014183,2,0,2,0.000018,0,0.000294
6859581377,葵葵吖吖,,40,174,花花世界，静守己?12,28,9,37,12,0.135723,0.156904,0.020945,0.002463,0.087467,28,9,37,0.000039,0.003047,0.013411
7331016347,葵葵要吃?,3,41,,12,1,1,2,13,0.119534,0.130442,0,0,0.016944,1,1,2,0.00022,0.000003,0.001445
5907983151,火凤喵_Kun,,265,176,=?=,12,3,1,4,13,0.119534,0.130442,0.00002,0,0.025774,3,1,4,0.000268,0.000003,0.001551
6622395790,August0602,,94,313,蔡徐坤超话粉丝大?12,2,2,4,13,0.119534,0.130442,0,1,0.021183,2,2,4,0.00022,0.000003,0.001445
1967149003,咕咚一口乌冬面,,1152,460,娱乐博主 蔡徐坤超话粉丝大?15,2,2,4,11,0.156028,0.172355,0.014758,0,0.020495,2,2,4,0.000223,0.000003,0.001639
6719952315,坤Augustwei?,85,125,ikun,12,2,1,3,13,0.119534,0.130442,0,1,0.020494,2,1,3,0.000222,0.000003,0.00206
7245699554,狮子你是不是也会?,77,342,2020,12,1,1,2,13,0.119534,0.130442,0,0,0.016944,1,1,2,0.00022,0.000003,0.001445
6660070716,闲得无聊逛一?,164,274,蔡徐坤妈妈粉一枚，谁对我崽不好，我就对谁不?1,3,1,4,13,0.119534,0.130442,0.000173,0,0.024551,3,1,4,0.000231,0.000003,0.001753
5242168886,哒伶哒伶,,413,654,ＫＵ?12,1,2,3,13,0.119565,0.131524,0,1,0.016944,1,2,3,0.00022,0.000019,0.001445
7277189014,wune-易胜博波兰超瑞士超联?15,,32,3254,能离开的都是废?能抢走的都是垃圾,12,0,1,1,13,0.119731,0.13124,0,0,0,0,1,1,0,0.000003,0.000179
6691263860,朝着希望走来,,148,414,不再会把时间浪费在虚假的人或?11,3,7,10,8,0.245614,0.28331,0.007952,0.142857,0.061911,3,7,10,0.0003,0.000152,0.000914
6489041050,是小小朋友呐,,477,260,蔡徐坤超话粉丝大?12,0,1,1,13,0.119731,0.13124,0,0,0,0,1,1,0,0.000003,0.000179
3204713113,ikun的彤,,258,894,蔡徐?12,0,2,2,10,0.173084,0.190861,0,0,0,0,2,2,0,0.000156,0.000179
7204386571,娜娜酱KUN,,9,119,,12,0,2,2,10,0.183294,0.203241,0,0,0,0,2,2,0,0.000057,0.000179
6791011271,蔡先生的可爱小姐?,76,327,,12,3,2,5,13,0.119751,0.131284,0.000947,0.25,0.024536,3,2,5,0.000017,0.000003,0.000746
6567432656,夏天的菜?,143,834,只专注这个小?12,1,2,3,9,0.1848,0.203081,0.004554,0,0.008857,1,2,3,0.000043,0.000003,0.000441
6615514647,奎小葵的储蓄?,50,335,,11,2,2,4,8,0.207268,0.226,0.001008,0,0.023418,2,2,4,0.000016,0.000028,0.000586
6784316653,欣喜思量_单恋,,17,151,,12,0,1,1,13,0.119731,0.13124,0,0,0,0,1,1,0,0.000003,0.000179
6940101880,乃乃00834,,38,66,,12,0,1,1,13,0.119731,0.13124,0,0,0,0,1,1,0,0.000003,0.000179
6924815170,扬城旅摄201903,,66,4905,笑一?感觉会很?12,0,1,1,13,0.119731,0.13124,0,0,0,0,1,1,0,0.000003,0.000179
5030822093,Lancy_Kun,,154,674,ღ_我比流言蜚语更早认识你_?7,0,3,3,8,0.21819,0.239818,0,0,0,0,3,3,0,0.000036,0.000179
6639097265,ikun苍月?,196,187,只和ikun互粉呀！！?12,0,1,1,13,0.119731,0.13124,0,0,0,0,1,1,0,0.000003,0.000179
5229313742,软软的露?,154,4424,美食视频自媒?9,0,1,1,3,0.5,0.583333,0,0,0,0,1,1,0,0.000002,0.000179
6900848129,ikun倾心love,,22,142,,9,12,2,14,2,0.75,0.833333,0.000896,0,0.021464,12,2,14,0.000022,0.002931,0.003523
7283520674,葵葵吃鱼不卡?,30,87,小透明的小平凡的小少年,9,0,1,1,3,0.5,0.583333,0,0,0,0,1,1,0,0.000002,0.000179
7284598436,咩小?号选手,,528,127,在用，不要重复来，谢?9,0,1,1,3,0.5,0.583333,0,0,0,0,1,1,0,0.000002,0.000179
7314693596,Lu可草1,,3,77,,9,0,1,1,3,0.5,0.583333,0,0,0,0,1,1,0,0.000002,0.000179
6140868128,不然怎Young,,173,465,ikun组合成员,6,3,8,11,8,0.233098,0.263964,0.004493,0.069444,0.047247,3,8,11,0.00002,0.000291,0.000995
6590605444,月白AKUN,,54,415,学生     毒舌      喜欢蔡徐?KUN&amp;IKUN,9,2,1,3,3,0.5,0.611111,0.000038,0,0.010574,2,1,3,0.000213,0.000002,0.002021
5672685534,殘憶357,,20,138,,9,0,1,1,3,0.5,0.583333,0,0,0,0,1,1,0,0.000002,0.000179
7156701573,wendyandax-Ni,,18,2316,添加威信号：tianqu8，淘宝天猫优惠券查询?4小时全自助服?9,0,1,1,3,0.5,0.583333,0,0,0,0,1,1,0,0.000002,0.000179
6074644320,旧月pdd拾事,,250,4449,你的留言板上全是她我认输好不好我退出好不好,9,0,1,1,3,0.5,0.583333,0,0,0,0,1,1,0,0.000002,0.000179
6073846972,丿鬼公子,,136,4834,亲善产生幸福，文明带来和谐?9,0,1,1,3,0.5,0.583333,0,0,0,0,1,1,0,0.000002,0.000179
6357828838,翁召静兰炎铰,,274,1490,搞笑视频自媒?9,0,1,1,3,0.5,0.583333,0,0,0,0,1,1,0,0.000002,0.000179
6222509107,杯不方小一uacai,,1545,4668,搞笑视频自媒?9,0,1,1,3,0.5,0.583333,0,0,0,0,1,1,0,0.000002,0.000179
1531592332,衰小?,51,235,┈━═☆wo的世界有你在，我不在孤单。为何距离让我觉"
的你好遥?,9,23,12,35,9
1393078401,吉祥瑜燕,,208,433,你好好成长，我好好爱?15
6972944683,KUN陪着?,47,76,爱你直到地老天?9,1
6003463624,蝶儿70_87467,,81,525,
6478560561,泥巴里的小香?,102,304,,9
3860988660,软酱嘎吱,,77,99,这个微博不咋用?9
5718776553,陈旋635,,6493,4253,
6319002335,野酌劝芳酒·K,,63,431,没走，滚去学校了
6522612508,爱吹?688,,176,223,储蓄卡的轮博女工罢辽
6545380315,爱探险的单于希慕,,139,135,陪你花路闯远?@蔡徐?9
6563198270,Mrkun802,,215,254,小朋友加?9
6536044323,babyboyCXK,,59,81,属于你一个人盛大的舞台，ikun给你。小狮子�️
7380449877,上情y家去?,53,1255,,9
7285155576,Nz界过6_tY,,28,2569,
6195291323,黄良刀,,176,4620,生活的道路一旦选定，就要勇敢地走到底，决不回头?-左拉
3963161753,男装潮流季搭配日志V,,684,4926,?高端服饰 女装微信 ：xiaom337 男装微信：v555677 ?9
7285355779,柯柯是个小ku?,28,4175,@易烊千玺?9,0
6924849083,你别过来我超?,84,3682,你在哪里?9,0
6923110900,潇湘雨w_y_n_g_t_,,71,4486,微信 娜。可发国外?9
7076424484,斩捎藤凹?15,,22,628,
7152862335,,,,,
6462725347,用户6079061974_14808,,77,289,自家农场散养土鸡，纯粮喂养，承诺无饲料喂养，绝无激素，抗生素，全国接单，包邮到家，+V芯：nongcuntujidan6688
5963358755,安琪伊人在水一?89,,143,290,
6247743842,蔡小葵的葵葵呀,,147,454,
7116018479,葵葵葵吖,,17,189,
2181447641,草莓味的初夏IKUN,,751,291,蔡徐坤超话粉丝大?11
5721798865,有点?-,,102,1443,?11
2240079881,艳绯?,887,685,葵葵亲亲麻麻��?0,1
5261156209,来自八月的月?,335,727,蔡徐坤超话粉丝大?13,6
7203235483,老蔡头今天上线了?,78,221,KUN,11
6522043594,M蔡小葵M,,53,438,蔡徐坤超话粉丝大?11
7225648576,蔡小葵的小猪?,7,144,,11
2775654317,chunfeng80021998,,91,317,
6576894581,黄柠?488,,4,14,不管前方有多艰辛 都要一直喜欢你
6130553109,lammooa,,640,1289,蔡徐坤超话粉丝大?11
7323013517,葵坤?,55,314,ALL FOR MUSIC   ALL FOR KUN,10
6896420249,2HYoTb,,41,254,
5454105402,用户5454105402,,66,175,
5626324702,ikun小羊1,,119,969,
7296625210,蔡蔡举世无双,,24,158,
5997617203,ikun中的秃头女孩,,85,372,信仰?11
6444435456,紫色的彩虹豆lK,,88,663,永远守护?11
1978983342,豬咪坤子,,298,911,起死回生後愛上蔡徐坤變成了貓
6577698338,蓝天下的?0605,,135,379,
5569111675,光的存在IKUN,,670,4729,心静如水，因为心里只有你?1
6643858133,哼哼等着一?,102,395,军人就有一个军人的样！,3
6763673864,?9551,,37,267,
6493031689,二月子卿,,51,262,每天进步一点❤?13
5284095522,君子有九思mfx,,159,372,蔡徐坤超话粉丝大?7
7202757561,n5RT5-独辟蹊tgw,,29,2321,
7209675951,mzr8u-诱敌深ymc,,35,2571,
7341014018,是你的小橘子3,,1034,1757,微博原创视频博主
6749343871,小一一一一一一一一一?,2,69,,13
7226680460,糖果味小仙女25828,,6,113,山外青山楼外楼，我的少年百分?13
5455618225,律师微博,,385,1001,静守己心?1
6811585295,用户6811585295,,99,126,
6562118415,用户6562118415,,22,251,
6835025178,82号猪咪小?,16,170,?13,1
6603800445,danieccy,,16,113,你很难再遇到像，我这么可爱又有趣的人?～♡
7314581310,3号月亮ikun,,45,200,
7225732792,七月喜安八月?,77,43,,13
6190166296,岳良?,180,4612,应该相信，自己是生活的战胜者?13,0
5038129500,笛笛ak,,103,177,加油
6187201860,鲁森?,170,4999,最高贵的复仇是宽容?13,0
5666850126,负氢氧根离子,,267,424,蔡徐坤超话粉丝大?10
6017384566,就是稀罕蔡小葵,,61,124,是ikun呀?13
5663887246,不娶何耽T_T,,196,163,纯粉 讨厌各种cp
7300793908,只想给坤金海802,,99,421,
1111678824,用户ltw8qfoo5l,,78,409,
6480656624,Chinaikun,,67,263,ikun 等待与kun的相?1
6303392348,爱喝果汁的ikun,,101,152,不燃?Young ?8
2020710153,Luuu_wait,,87,120,
6601866304,Luuuuuuuu_k,,87,121,
1377448687,特别的你你你呀,,732,665,蔡徐坤超话粉丝大?8
7006277989,万阿-?,116,111,,8
7006278377,尘埃戏丶?,108,109,,8
6102910398,正太控的葵王2333,,247,397,蔡徐坤超话粉丝大?3
6981141975,k昱un,,266,702,蔡徐坤超话粉丝大?8
6859204656,U宝_iu8o2,,134,147,美好的世界遇到美好的?8
6086236019,奎葵莫愁,,483,931,KUN&amp;IKUN莫愁喜欢蔡徐坤一?8
6676012063,我家的小奶茶,,141,295,
5428460010,爱困的小猫咪82,,148,157,
6524124751,KK的猫咪哦,,188,534,kun&amp;ikun
7301397666,养个小白?,43,76,唯坤 养号 互关,8
6839002588,贪恋惠_lmbw,,28,74,
6331204133,心有所坤啊,,52,279,永远爱坤
5189843960,小菜猪咪,,94,184,会一直陪着你（陪你长大?1
3713482021,小葵葵的臭妈?,36,127,,8
6626415304,SmileandVivian2018,,195,388,
2290973964,odet2011,,311,1194,蔡徐坤超话粉丝大?13
6079565845,喜欢蔡徐坤的洛闲?,350,1132,你的眼眸是我永久的居所,3
5973319047,八月骑士K,,246,630,追最亮的?8
6295627602,Hxclk,,391,771,你的光芒照亮了很多人，请尽情发光?8
5935412351,Sagittarius_晴晴,,134,183,花花世界，静守已??8
5966827924,蔡小葵的俊渣,,60,66,
3205097522,最篮球?,257384,14984,体育博主 体育视频自媒?8,0
1088908201,金色大脸?,122,758,,11
6694470149,Sakura酱超可爱,,562,61,KUN�IKUN�️?11
7287544119,Fk研儿1_sV,,4,155,
3861020052,奎葵坤坤802,,95,639,
6547380717,AK曲黎-S,,77,106,未来的路还很?11
5096383765,大奎的甜心呀,,99,181,蔡徐坤超话粉丝大?11
6660990707,唯IKUN?,77,224,,11
6979333101,Meichan0802,,19,305,
2705409913,独鼠一只吱,,123,233,别把我的个性和态度混为一谈，我的个性是源于我是谁，而我的态度则取决于你是谁?11
6259349797,匆匆那年-?,174,163,心若冰清 波澜不惊 70后好安心,11
6471112467,才旺秋尊8888,,510,575,自爱 自强
7326418975,唯唯菜菜,,31,276,
1318138681,雨天的坤,,46,47,一吃就胖的吃货双鱼?4
6162511924,一只爱吃菜包的?,71,285,蔡徐坤超话粉丝大?13,3
7322847570,案发现场在这,,6,47,爱菜?11
1038232404,月迦?,338,883,,11
6519865993,BoyFriend是kun?,250,219,野生IKUN一?.....这是一个轮?控评 打榜 投票的数据博.里面什么都没有 只有蔡徐坤的数据.....,11
7326430482,西家的大脸猫,,29,198,
6242953198,尘博伯宙uvzz,,24,245,
7112086432,用户7112086432,,5,178,
5532556209,葵的微笑5532556209,,26,299,
6428709118,八月KUN?,263,5027,知名娱乐博主 蔡徐坤超话粉丝大?3,8
7160641656,不要可以?9857,,21,84,
6284034593,葵葵宝贝儿欣?,108,233,蔡徐坤超话粉丝大?7,3
6786452930,KUN困困困困困困,,742,417,一个超爱小困的人的小耗子
5945677884,熊小niu要坚?,46,346,,11
5941332152,蛋蛋今天也喜欢K,,17,313,未曾谋面的也终会相遇
5945953651,陌路浅酌公寓,,45,356,
5945300500,M喽小妖的幸福时光,,117,379,
7187344074,坤家的胖头白?,14,71,KUN宋祁,11
6518134035,老阿姨家的小公主,,83,215,
6281646277,放纵不羁的玥?,3,31,,11
6014572644,心怡爱坤一辈子,,8,105,
5365077344,消逝的时光201411,,142,412,
6526730542,叶子20182018,,756,396,为坤而开
6733525803,Zh三条?,157,815,蔡徐坤超话粉丝大?11,1
6606349558,ikun?802,,128,790,
5500578571,一辈子只爱蔡徐坤ikun,,24,200,
6628152232,82困困?,152,105,蔡徐坤超话粉丝大?8,1
3211201884,别踩我宝贝的vans,,164,582,宝贝们一生平安喜乐顺遂呀
3310764867,淹死的鱼?,93,892,生活这么苦，何不来点蔡徐?8,1
6588598388,改改199403,,549,614,
6460737080,嘟嘟鑫鑫ii,,48,146,爱坤
6975144892,原因设想?,70,130,,12
5804722903,蜡笔小坤好可?,475,675,蔡徐坤超话粉丝大?12,1
7238153463,CFR9,,57,340,
6582633685,给蔡小KUN摘星?,223,258,请叫我ikun,8
6577587526,caizicaixukun,,369,221,蔡徐坤超话粉丝大?11
6534263419,小王子戴上了皇冠,,10982,1202,蔡徐坤超话粉丝大?8
6606056689,SSSlaiang沙鸥49013,,118,237,
7315086965,AK-KUN2009,,93,84,
7339126957,m尢晞,,3,19,我很烦那种突然的亲切 然后瞬间又冷?
6289111400,#NAME?,,879,4179,财经博主 音乐视频自媒?8
6606986966,用户6606986966,,84,65,
6606981467,用户6606981467,,99,84,
6438043310,ikun小燕,,160,223,
6571140936,葵葵小宝贝_,,171,106,蔡徐坤超话粉丝大?8
6500130670,何也菜菜,,140,308,K-U-N
1853590434,liwu姐姐,,357,851,蔡徐坤超话粉丝大?15
6840063621,iiiiiicc-,,32,699,
6675091644,我家有奶?,140,315,,8
6480509904,迷失恴謎,,294,589,蔡徐坤超话粉丝大?3
6558341379,小小小米粒儿_KUN,,259,315,蔡徐坤超话粉丝大?8
7004412910,扶摇直上气贯长虹,,93,295,愿我如星君如月，夜夜流光相皎洁?11
7317419884,菜团子妈妈揉揉头,,58,70,
6495435622,桃味柠檬?,39,122,无条件偏爱你,8
5915773274,改什么名字才可以,,176,192,小号一个用来做数据?8
6646424971,想名字很麻煩_,,103,146,
7276912012,If步六2,,25,127,
6331491308,琳玥一点都不困,,545,669,蔡徐坤的梦想粉！
6859950754,歌微802LOVEK,,131,144,KUN &amp; IKUN
6507937169,菜小?82,,36,385,
7350491002,演员菲儿丨sUC,,29,2272,
5318472909,就是喜欢蔡蔡,,36,310,我爱吃菜?14
3509238002,终于还只是未?,88,136,一直对命运耿耿于怀！！,14
5990480700,Rfly1-敲诈勒hbn,,58,2952,
7039921415,烁暮卑俜?59,,33,4309,
5989566745,MrZWG-甘苦与ahs,,95,2909,
7202048873,JMbSV-双绞线xwp,,59,1125,
6241367183,赤白?,1392,4001,,14
2953678035,Z美丽Z美包包秀SH0W-,,24,2127,
3808018474,瘦腿瘦腰小仙?,20749,3387,? 韶关市居民制药有限公司公关经?14,0
6893282379,wyoqz2l1f,,30,532,
6609600352,用户6609600352,,54,4141,
5536328577,3_0岁的小仙?,21,114,,14
2919854830,gogo毽子?982,,403,4927,
1765949505,奋不顾身的饺子举起投降的旗帜,,1032,900,开开心心?14
3303635191,若之如初见_,,246,1250,人生不是一种享乐，而是一桩十分沉重的工作?14
5232500283,lhclh?,4,96,,14
5694777744,我有他hei91654,,12,73,
2619632981,永远不哭的木?,8,102,,14
3269917492,坤坤的粉?2,,96,244,
6417760876,afkun-onlykun,,149,380,唯坤，小?8
6192253508,超喜欢cxk?,318,517,蔡徐坤超话粉丝大?17,8
6676469365,小玫??0741,,1,41,
6733028770,葵葵的小玫瑰kk,,42,184,
6539668339,LotusKUN,,118,229,我们的梦
6493076170,简微小清新,,135,334,要陪你很久很?4
6604316539,简微落?,122,305,你是唯一,4
5319484212,简微尘?,277,377,蔡徐坤超话粉丝大?4,3
6509569545,一点繁星kk,,276,387,希望你一直开心自?4
6574438231,开心果子烤冷面,,6,72,
6574435132,样姐蒙妹,,13,36,
5916984426,程再?,82,379,,4
6540560793,萌萌咪kun,,1577,342,蔡徐坤超话粉丝大?4
6652737792,幻化学品?,105,95,打榜抡博小号没啥内涵,4
6509392064,Krystal_Kun,,552,466,蔡徐坤超话粉丝大?4
6525428089,葵的芒果冰和芹菜炒牛?,407,443,一枚追星小透明,10
6495919094,Suri0315K,,296,262,IKUN
6331123467,老子只喜欢蔡徐坤,,333,1004,老子只喜欢蔡徐坤
5186237845,ikun幼儿园的老大,,196,180,愿你永远世间一切美好事?4
5327000422,萌萌菜小?,294,224,muamua,4
6154096899,Convergence___,,220,588,passerby
6936293747,荷塘月色的八?,180,486,,5
6785955517,八十二星?,42,140,清清白白算卦 认认真真追星,5
6616933342,AlwaysSmile22390,,176,316,不燃怎YOUNG!
5815692304,小懒猪kkk,,124,253,muamua
6722669824,蓝色飞扬81145,,182,164,小号，哪次好久不更了，就是忘记密码了
6523905982,呆萌海苔,,788,793,
5944608846,一起组团偷葵葵,,199,151,铁血葵妈❤️
6751955915,两个宝贝奎葵,,10,64,
7019706465,秋辞爱蔡大爷和福西西,,5,89,喜欢唱歌，为了丞坤努?  底线:蔡徐坤，范丞?0
3162669321,秋海星_645,,646,666,
6585504054,抓不住的白羽,,176,530,第一场雪
6490372753,小喵喵爱菜菜,,111,362,
6298366394,小小蔡包?,90,120,三观不同，互相尊重！底线蔡徐坤�,6
3319077882,Gemini_XY_61,,579,3727,愿你此生不再漂泊，想要的都拥有，得不到的都释怀?16
6681751468,爱Kun67340,,122,92,kun积分?17
6613584337,爱坤的菜?,,124,466,ikun
6884467313,寡欢_etnloa,,6,4754,
6030901173,小菜小菜酷拽狂帅,,679,281,蔡徐坤超话粉丝大?17
6906607595,幸运是遇见你1221,,54,167,
6736122379,素衣白纱亦倾国015,,11,91,
3118472937,o0??o_534,,100,4875,
6074349780,班咚buqsha,,289,4925,最后我们都会发现当初我们所执着的到最后都会可笑自己的幼稚
2283584743,GyuKyu,,130,4954,蓝家。曺圭贤?6
5984421315,呼延凯悔,,344,4817,积极者相信只有推动自己才能推动世界，只要推动自己就能推动世界?6
6888481697,用户4976607188,,4,785,
2746344501,YQ风子,,151,3379,
6571949164,cxk9164,,219,262,广东深圳
6900235830,浩浩楠子,,87,454,蔡徐坤粉丝IKUN
7035715452,用户7035715452,,30,205,
7312688069,妖妖7205,,76,111,
6218357230,闲云0925,,3,66,
6577343339,蔡徐坤重新了解下,,117,247,花花世界 静守己心
6604012775,唯爱丶蔡徐坤,,62,40,
6861132061,ManEaterXII也爱葵葵,,89,100,
1923409733,爱到远方去旅?,3893,1509,旅游博主,1
6505220170,木樨桥西,,106,346,muamua
6852399498,内人大人漍桃,,92,2015,
7324227506,Play_a_long_game,,115,94,1312
7330076027,用户7330076027,,2,94,
5404960280,TT坤坤,,85,199,婷子只爱蔡困！蔡徐坤旗下Ikun女团组合蔡徐坤是底线！！?7
6048474328,和我一起种菜菜,,175,257,蔡徐坤超话粉丝大?7
6392706465,原是归处,,79,113,
5668664377,Wzj802,,73,482,
5825659613,cxk_XT,,3,23,你与我终于要渐渐远去?10
5338343147,不知??,153,260,未来多漫长，再漫长，陪伴你，一直到故事都说完?7,0
6519227254,人民数字直播,,423,1769,讲真实故事、闻听看天下所有！
6195345658,小奶豹与稻草?,176,2463,我和你的故事希望会是forever,11
6592274981,我的小路易呢,,71,175,
5079405452,maomaooo余涪,,61,915,
3044004234,封小?00,,183,2459,
5990294023,hTE23-结结巴jqo,,17,1652,
5983427647,吕嘉?,237,4879,人生的价值，并不是用时间，而是用深度去衡量的?7,2
7239094773,今天也爱小困?,171,1928,少说话，多办事，好好保护?17,4
5528190190,蔡先生的小幸?,1066,685,蔡徐坤超话粉丝大?2,2
6180678166,羊羊爱吃?,66,117,蔡徐坤超话粉丝大?2,0
2274841294,Zu亚华,,342,4702,
6828271282,ybbkun,,19,133,
5684386523,TS想念?,234,135,蔡徐坤超话粉丝大?3,4
6923513829,超短线狙击?6,,70,4889,的开?2
6923226838,鲸渔不爱微笑,,58,4923,小号谢谢关注
3066189552,气质_韩日搭配控控,,498,4682,活着，为的是替整体做点事，滴水是有沾润作用，但滴水必加入河海，才能成为波涛。－－谢觉哉
6195194034,殖螺?9,,465,4422,哪里有思想，哪里就有威力?2
6986230311,啾啾啾啾?9256,,8,91,
6575173808,狮子王蔡徐坤麻麻,,186,474,
5886500462,方泽深v,,2632,4887,阿塔赛广州珠宝有限公司ERP维护工程?2
5355295871,O3O黑雪,,162,213,优秀不够，你是否无可替代
7093502733,帮你变成小蛮?,,147,1946,好身?唯心 kkjf81
6852775347,山崎敢浑_axqw,,108,4959,有些人，不认识他时总是擦肩而过，认识他后总感觉他无处不在
3285540115,芒果味的蔡蔡wo喜欢,,168,1716,KUN&amp;IKUNisforever【互粉?2
2871034474,li丽kun毛葵,,128,591,是ikun呀
2618791451,小菜7号长?,165,791,底线蔡徐坤【互粉?2,0
1849245092,葵葵莫停YQJY,,95,650,大宝贝葵葵的妈咪【互粉?2
6195145046,ikun阿姨一?,149,317,努力走自己想走的?，加油�?11,3
2634338191,爱Kun无限,,923,2222,蔡徐坤超话粉丝大?16
6792296271,小葵花养护员,,197,538,愿你健康自由快乐
1632158584,凌晨的流云_269,,29,368,
6517824988,思元371656517824988,,70,1994,
6105819183,勇GZY,,51,147,
5544888154,家养为为?,87,368,就破画画的，好写作的一只小爱困٩( ö̆ ) و,3
6574135119,一只红猪出墙来,,152,1018,没有别的想法   只想放纵一?3
5091578752,lavendes?,161,814,,3
5138581344,雪莉宝贝小甜?,1308,1094,爱上一块腹肌的坤❤️ZDBC,8
6681054704,七七FreakTwenty,,73,570,和我的小玫瑰一起努力绽?3
2401576022,菜菜真香?,207,180,蔡徐坤超话粉丝大?3,22
6692499506,林雅?86,,13,1583,
6589681470,劫月15613,,10,97,
6487944693,小奶葵愛糖寶,,8,113,心之所向蔡徐坤&quot;?quot;
5660550147,但愿世界没有黑粉,,189,673,不负我爱的人和爱我的?3
6611308697,gengzhuiting7,,65,4869,
2299300381,visit天鹅t2z,,317,4696,
5258503297,魅力女人爱穿?,19313,3546,深圳市超速通电子有限公司经?3,0
6195134030,上官苍斌,,185,4919,丧失人格的诗人比没有诗才而硬要写诗的人更可鄙，更低劣，更有罪?3
6158234729,菜咘?,21,859,,3
6765738661,梵音0802,,2,123,
6032709179,ikunn1,,307,1367,披金成王，伴坤远航！
5514901616,5号的葵葵,,202,201,蔡徐坤超话粉丝大?13
6537557440,Gemini_61,,450,2600,我贪念的人间烟火 不偏不? 恰好是你
7277149259,葵葵揉面?,105,95,,7
6131116454,凛冬来相?,225,1283,爱看不看,3
2669012691,暖心安桥,,239,350,孤独老白?3
6819062352,双梦?,76,253,底线蔡徐?12,2
6190162173,上官华岳,,193,4659,积德为产业，强胜于美宅良田?7
5977638946,抹茶猪猪猪猪奶茶,,82,642,谨言慎行
5967588251,?悖论,,440,686,蔡徐坤超话粉丝大?5
7336397471,猪猪22037,,16,157,
1238297255,cc萌萌x竹kk,,6204,473,吃貨一?
6839094479,激昂极_qvcx,,18,134,
6406592045,芒果爱滑?,162,171,只爱?8,1
6607899007,ikun訫訫,,95,680,
5782663903,衍铭妈妈,,5,24,女人遇钢则柔，遇柔则钢?8
3195597934,Mister-LiuLiu,,125,164,喜欢问题解决后的快感
7246794020,加油?802,,2,13,
6858782097,MANGO味的KUN,,116,781,音乐的路上，我陪你一起走
2920561822,地盘拜勒?980,,267,2423,
1583074153,大侠颖馨,,311,4635,
5671049614,静水深远wenjing,,252,317,
7326255387,唯唯26932,,37,225,?11
5090371143,KUN_晏x,,324,253,蔡徐坤超话粉丝大?17
6984784935,HTG蔡小?,86,116,花花世界 静守己心,17
6329847202,写童谣去没人的岛摸鲨鱼的?,137,495,蔡徐坤是我的宝贝谁都不能欺负,17
6228996113,爱葵葵k,,102,105,蔡徐坤游泳池超话粉丝大咖
6737502021,你愛蔡徐坤嗎,,154,180,
6594063707,妖儿1205,,183,326,玩微博只为儿子蔡徐坤
6549180247,华坤俊雨201805,,399,373,蔡徐坤超话粉丝大?17
3122564202,_爱不与猜忌为?,263,603,蔡徐坤超话粉丝大?17,4
5719238757,一口一个坤子哥,,151,372,蔡徐坤超话粉丝大?17
3477730300,SAOA111,,117,71,��
6556916674,很愛?,259,126,因蔡徐坤而来,17
7340133011,爱唯09115,,16,178,
3866819060,储蓄卡家的Eattea,,283,474,蔡徐坤超话粉丝大?17
6965821512,吃丶肉肉的健,,43,191,
7312695419,十特嘻嘻82?,28,91,,8
7333596118,用户7333596118,,8,675,
6273300250,塞巴斯蒂安葵?,164,662,小猪下凡  美貌鲨人,17
6516502871,蔡小葵的小锦?,754,569,,17
2654194677,薄荷青麦sky,,2307,1496,愿你所到之处，遍地阳光；愿你梦的远方，温暖为向?11
6346272224,失词与橘,,310,244,蔡徐坤超话粉丝大?17
6019532424,SIliMuyu,,136,488,
6524679501,爱发呆的琦儿,,216,194,蔡徐坤超话粉丝大?11
6689547452,希望小坤长得胖胖?,90,443,,17
6528690527,喵喵喵喵星人2005,,208,440,
6901256861,爱吃菜de小猫?,228,473,,17
6560853149,凉凉的夏天lily,,56,148,
6116619470,光年之外hao,,701,719,蔡徐坤超话粉丝大?17
5860442435,抓住一只大牙套,,176,238,蔡徐坤超话粉丝大?17
7299553756,用户7299553756,,52,194,
6968969674,蔡蔡的汤?,42,116,kun&amp;ikun,17
6530428467,凡尘追星,,271,591,无条件爱?17
6816809614,地平线菜?,,38,95,
3739834537,色彩妮妮的屋,,249,525,
6822963795,葵宝的小菜园,,31,362,
2627713262,路过不走?,195,196,ikun,12
2998644231,坤坤快乐的小尾巴,,127,149,
6665135780,菜菜的机器猫砍砍,,125,217,蔡徐坤超话粉丝大?11
7292457642,是旺仔葵葵吖,,2,145,花花世界，静守己?12
7301437218,菜菜保鲜,,15,101,
6676561886,兰花674278,,19,155,
2846048854,gogo郁郁小妖,,156,173,私奔去赛?11
3789354574,宝贝冬冬666,,144,394,
5997341346,zqIKUN?,117,499,蔡徐坤超话粉丝大?11,0
7006278867,菩提树下悟道__,,111,119,
5812623932,#NAME?,,192,189,IKUN关注都会回哒，专注为菜菜做数?3
5968747080,eonoes心意如我,,154,358,心意如我，心无旁?8
6962411092,可不可以随便取名,,33,5006,只为你而来，以后也只为?11
6299052031,徐坤大傻瓜的金话?,202,280,蔡徐坤超话粉丝大?8,2
7312075970,蔡小姣吖,,12,204,咳咳咳！吾乃ikun，秃头女孩，ak��?一起来爱老蔡头吧?8
6671162487,蔡徐坤最娇的小娇?,564,82,蔡徐坤的ikun,8
6914815732,包包子o,,28,128,��?8
6636632827,我不秃头谁秃?,,211,499,
7243509219,用户7243509219,,22,184,
7294925274,小葵的糖_,,35,173,如果你需要我，我就在你身?17
6983040533,我是一个假路人,,33,605,
6625359105,坤坤熊宝,,57,91,
6470105405,葵恋?,50,176,未曾谋面的也终将会相?8,0
6638845715,MM的小葵花,,227,46,坚持真理的人是伟大的?11
2604228192,制服诱惑猫_183,,188,4634,淡定
2960350441,独孤升云,,87,203,
6981421483,旧心酸丶?,67,89,,8
6727594230,押换活_989781,,55,202,
6074354602,2aB4k纯丑,,293,4879,希望你爱的人都比我爱?希望我爱的人再也不会像你?1
7350333035,天风云淡过眼烟云,,38,243,
6345233528,储蓄卡的小猫咪啾?,95,1028,,11
7246208317,守护单枪匹马蔡徐?,337,294,Love kun,11
7277878910,Am化代2,,193,250,
6745916683,吃包子的胖丁,,17,121,未曾谋面的也终将会相?11
6086530419,莎待着的鱼,,185,413,
6499649034,十安爱吃?,103,273,高冷girl ! !,11
7349403983,大女r织见?,539,230,,11
7326649717,菜菜唯唯,,21,182,
2803182212,coolgirl傲决,,344,4910,
2810607850,大女人伊?,321,2479,,16
6109562315,妞拒绝爱,,19,84,
2240460394,Cindy-小蛮,,250,405,
1092765341,丨火炏焱燚丨,,199,4293,
5793053853,牛肉炒芹菜很香很辣很好吃,,262,1555,世间一切美?请包围我(˶‾᷄ ⁻?‾᷅˵)
6676468845,小玫??6726,,2,39,
6677350787,小玫??5645,,1,95,
5835710494,潍坊灵感?,6331,3142,潍坊灵感儿电子商务有限公?4,0
6602608718,IKUN广大群众,,102,159,
6635944136,席折,,111,185,轮博数据小号
5537434794,IKUN-小仙女h,,82,170,没有意外
2921826733,蔡徐坤老婆100,,859,1014,来到这里关注一?4
6574433636,5静守己心48229,,13,50,
5061891767,辰妖,,527614,843,淘女郎认?4
7388097832,用户7388097832,,17,1110,
7207416147,C4mtN-避而远fxs_45830,,25,869,
7184509035,上善若水90700,,1,15,可可爱爱  没有脑袋
5992041688,AUGUST8_LION2,,1411,668,我心疼地发觉 你能忍的?有多强烈
6765231058,用户6765231058,,1,30,
1672397230,LiuYan0924_,,141,519,�Plan forever?10
7380768914,的但p好爷家_y,,49,1173,
7282601243,说wtHRMN,,41,1641,
6583732352,是福西西?616,,41,230,最爱范丞丞 NPC个个?10
7367272594,决情y四红啊_kV,,19,825,
2615580525,圈内微头?,636364,1960,JYFK01,4
5225055235,wuhc99童靖,,689,731,美食博主 美食视频自媒?4
7126667835,孟_5821,,19,2813,手绘人物肖像艺术画，5年专业手绘，私人定制?VX：keyuan3353
6576279421,被功到挑玄身法转much,,197,4786,
6140495359,恬静思议巧嘴,,137,2767,微博原创视频博主
6985113678,仲g?,562,3776,电视剧博?4,0
6863236293,双相思_zssaa,,21,445,
6449160037,Deereed_0906,,81,281,今天我idol营业了吗
7406264354,斯文的ikun宝宝,,5,90,"❤️❤️❤️12岁少?喜欢追星，跳舞，唱歌。最喜欢的明星是蔡徐?小葵)，爱幻想,不知道这样的我你们喜不喜欢❤️❤️❤?,10,0,1,1,3,0.5,0.547619,0,0,0,0,1,1,0,0,0.000179
3807412201,小猫_喵喵喵_,,365,344,,7,0,1,1,10,0.183949,0.201256,0,0,0,0,1,1,0,0.000005,0.000179
5266895437,美容讲师Anna,,948,6409,揭阳市四季金电子商务有限公司美容总监,7,0,1,1,10,0.183949,0.201256,0,0,0,0,1,1,0,0.000005,0.000179
6422777623,省钱精灵666,,8,55,穿过夏天的木栅栏和冬天的风雪，你终会抵达?7,0,1,1,10,0.183949,0.201256,0,0,0,0,1,1,0,0.000005,0.000179
3948475410,赫轩股东小玲xaurv,,26,311,2017年目标：帮助500位代理伙伴月入超?0万，年底提豪车梦想！看懂这份市场的伙伴加维新Y60097,7,0,1,1,10,0.183949,0.201256,0,0,0,0,1,1,0,0.000005,0.000179
2919284660,0218绝对信仰俊雄1995,,262,4939,,7,0,1,1,10,0.183949,0.201256,0,0,0,0,1,1,0,0.000005,0.000179
2028273357,比熊宝宝的樱桃小丸子,,65,176,,7,0,1,1,10,0.183949,0.201256,0,0,0,0,1,1,0,0.000005,0.000179
3044062964,3044062964kwQ,,209,4928,,7,0,1,1,10,0.183949,0.201256,0,0,0,0,1,1,0,0.000005,0.000179
3045070930,乐臻的垃圾筒,,215,61,,7,0,1,1,10,0.183949,0.201256,0,0,0,0,1,1,0,0.000005,0.000179
2759217991,韩系搭配,,533,4707,,7,0,1,1,10,0.183949,0.201256,0,0,0,0,1,1,0,0.000005,0.000179
2292706535,则逢家?,329,4542,,7,0,1,1,10,0.183949,0.201256,0,0,0,0,1,1,0,0.000005,0.000179
2310835720,步宇邵_321,,248,4825,,7,0,1,1,10,0.183949,0.201256,0,0,0,0,1,1,0,0.000005,0.000179
6921953504,雪染青黛200710,,63,4861,穷则独善其身，达则兼济天下！,7,0,1,1,10,0.183949,0.201256,0,0,0,0,1,1,0,0.000005,0.000179
5139353651,寒山暖阳_77642,,147,4925,,7,0,1,1,10,0.183949,0.201256,0,0,0,0,1,1,0,0.000005,0.000179
2274780754,QO_CAI,,331,4834,,7,0,1,1,10,0.183949,0.201256,0,0,0,0,1,1,0,0.000005,0.000179
5969517998,百无一用Stella200912,,1671,4331,中国图库签约摄影?7,0,1,1,10,0.183949,0.201256,0,0,0,0,1,1,0,0.000005,0.000179
6187260893,楚冬?,135,4565,人们不能没有面包而生活；人们也不能没有祖国而生活?7,0,1,1,10,0.183949,0.201256,0,0,0,0,1,1,0,0.000005,0.000179
7039672908,欢址夯劣?51,,41,4746,,7,0,1,1,10,0.183949,0.201256,0,0,0,0,1,1,0,0.000005,0.000179
5963975895,凯凯sneaker,,52665,8988,微信?C3710P,7,0,1,1,10,0.183949,0.201256,0,0,0,0,1,1,0,0.000005,0.000179
7076423351,凑炒克涟?87,,35,4954,,7,0,1,1,10,0.183949,0.201256,0,0,0,0,1,1,0,0.000005,0.000179
2958263812,云少740_,,478,3558,在泥土下面，黑暗的地方，才能发现金刚钻；在深入缜密的思维中，才能发现真理?7,0,1,1,10,0.183949,0.201256,0,0,0,0,1,1,0,0.000005,0.000179
6643813483,景ku_mandy,,130,3536,,2,0,1,1,10,0.179946,0.196631,0,0,0,0,1,1,0,0.000009,0.000179
1955901042,李风北京licca李风,,467,4561,视频自媒?2,0,1,1,10,0.179946,0.196631,0,0,0,0,1,1,0,0.000009,0.000179
6137686451,逑绝精_ey,,167,2844,,2,0,1,1,10,0.179946,0.196631,0,0,0,0,1,1,0,0.000009,0.000179
2964054544,Seventhsilence-,,185,2521,威信 Axinyu147  歌瑞森无钢圈内衣给你最舒适的感觉，使你身材好更诱?2,0,1,1,10,0.179946,0.196631,0,0,0,0,1,1,0,0.000009,0.000179
5975187105,植发植眉,,10606,1425,咨询+V?8933916311 广州深圳专业种发植发医院！种眉毛睫毛发际线，治疗秃顶谢顶地中海头皮疤痕，毛发种植移植培训?2,0,1,1,10,0.179946,0.196631,0,0,0,0,1,1,0,0.000009,0.000179
2699035314,小不点是我的?,159,579,�mm工作室私服➕V：q18870141610,2,0,1,1,10,0.179946,0.196631,0,0,0,0,1,1,0,0.000009,0.000179
1961929303,哥要的幸福搜狗搜不到,,188,4738,,2,0,1,1,10,0.179946,0.196631,0,0,0,0,1,1,0,0.000009,0.000179
2382095973,文艺与风?,75,504,上天下地，人生如戏。三教九流，各尽风头?2,0,1,1,10,0.179946,0.196631,0,0,0,0,1,1,0,0.000009,0.000179
3275147971,秋天秋瑟冠遥,,264,4899,,2,0,1,1,10,0.179946,0.196631,0,0,0,0,1,1,0,0.000009,0.000179
5449716296,柠檬不讨?,82,201,“懂你的人不言而喻 不懂你的人百口莫辩?​​?2,0,1,1,10,0.179946,0.196631,0,0,0,0,1,1,0,0.000009,0.000179
5896850983,天池美容美体工作?,4,4,咖啡灌肠调理便秘，肥胖，糖尿病，心脑血管等52种常见疾病及美容功效?2,0,1,1,10,0.179946,0.196631,0,0,0,0,1,1,0,0.000009,0.000179
6148822326,黯淡思议苍白?,45,4888,,3,0,1,1,10,0.162513,0.173432,0,0,0,0,1,1,0,0.00001,0.000179
1281946895,拿一血,,122,4907,,3,0,1,1,10,0.162513,0.173432,0,0,0,0,1,1,0,0.00001,0.000179
6183065852,彧子?,238,1836,蔡徐坤超话粉丝大?3,0,1,1,10,0.162513,0.173432,0,0,0,0,1,1,0,0.00001,0.000179
1079060371,无语阳光的明媚世界_706,,177,4782,,3,0,1,1,10,0.162513,0.173432,0,0,0,0,1,1,0,0.00001,0.000179
7040289367,伊钠坝次?81,,33,4927,,3,0,1,1,10,0.162513,0.173432,0,0,0,0,1,1,0,0.00001,0.000179
5989569259,uL81r-啦啦队xxr,,9,3959,,3,0,1,1,10,0.162513,0.173432,0,0,0,0,1,1,0,0.00001,0.000179
3974864933,穿衣巧爆款搭,,656,2710,,3,0,1,1,10,0.162513,0.173432,0,0,0,0,1,1,0,0.00001,0.000179
6087909354,Aqchidoo-,,108,323,一个超级美的人,3,0,1,1,10,0.162513,0.173432,0,0,0,0,1,1,0,0.00001,0.000179
1839265283,·甜葵啵啵·,,668,282,蔡徐坤超话粉丝大?17,0,1,1,10,0.18093,0.198408,0,0,0,0,1,1,0,0.000016,0.000179
7041294584,着翰材澳侍446,,32,4900,,12,0,1,1,13,0.119731,0.13124,0,0,0,0,1,1,0,0.000003,0.000179
6654065615,用户6654065615,,48,1796,,9,0,1,1,10,0.166069,0.180207,0,0,0,0,1,1,0,0,0.000179
6662961191,清樽独醉_daozhaof,,2,74,,9,0,1,1,10,0.166069,0.180207,0,0,0,0,1,1,0,0,0.000179
5214302002,兒兒?66振冻,,1210,4733,搞笑视频自媒?9,0,1,1,10,0.166069,0.180207,0,0,0,0,1,1,0,0,0.000179
7081664517,猪猪男孩坤鸭,,9,211,,11,0,1,1,9,0.212288,0.234215,0,0,0,0,1,1,0,0.000065,0.000179
7040275704,雍事淮贪?89,,29,3423,,11,0,1,1,9,0.212288,0.234215,0,0,0,0,1,1,0,0.000065,0.000179
5131056286,比特币女超人,,2412,3446,学穿衣搭配，品时尚潮流，交流搭配知识——你身边的女装时尚博主！,11,0,1,1,9,0.212288,0.234215,0,0,0,0,1,1,0,0.000065,0.000179
6888545502,泠馨丶Xurine,,118,1753,,11,0,1,1,9,0.212288,0.234215,0,0,0,0,1,1,0,0.000065,0.000179
2850773864,神来之笔大本营_841,,170,3990,,13,0,1,1,12,0.128397,0.137375,0,0,0,0,1,1,0,0.00002,0.000179
7040295283,德瘴撕硕?78,,37,4898,,8,0,1,1,8,0.250135,0.276712,0,0,0,0,1,1,0,0.000032,0.000179
"
