1420702335,咶暮幽晓寂机?,99,1999,,19
6099859539,兔先?601,,20,60,
6786857775,逼范丶JIALING,,2,250,
3738195311,情报周周擒牛,,2135,4962,知名财经博主 关注私信?】领取牛?0
6803241593,卖飞???,37,2241,上海禅定信息科技有限公司媒体中心总监 财经博主,0
6624781865,林登万大?股评?,97,3155,微博股评?财经视频自媒?1,39
6753125201,晽澄万大?,24,1276,微博股评?3,8
6562735613,锐志无限标书,,223,898,24小时-标书服务-标书制作-工程预算?17
6824461809,小花朵的小跟班天1111,,72,170,这个人可能是个好?2
6320762378,卧龙雅集,,46104,19637,读物博主
5693470962,侃侃乐哈?,18239,3563,娱乐博主 头条文章作?17,0
5984312045,论金解套-李骏,,121217,4894,财经博主
6676921003,用户6676921003,,4,35,
1240326047,一步半个脚?99,,14,13,
6867029095,了悟趋势9531,,362,419,
1080625273,小闹200,,41,185,
6793471394,影视宣传201839,,65,215,0
6859574970,车联网凯利亚美合作伙?,577,11710,车联网~国家十三五规划重点项目~~凯利集团携手广州亚美打造安全出行，智能交通，数据开放，C端开放！超级大数据平台！欢迎参与凯利亚美的平台建设?0,0
5282157466,sam1581319,,13,16,
7202197631,ihRT6-志在千tlt,,46,2713,
7039666047,厥硕褂都?27,,45,4915,
7076047681,恫叶圃春?57,,32,1815,
6868248980,用户3507338537,,41,3102,
6868248050,用户3507238213,,50,3055,
6649663874,鈊嗳你_lani7,,142,4495,
6850792063,孤单仰集洁_iyhk,,150,4120,
6852360250,思恋马扣宾_tgcy,,170,4938,你曾经是我最想要的，但你似乎从来都不需要我。我想就是因为这样，我放弃了你?0
6651836137,魂牽衾_IONOY_GXY,,81,1532,
6638431915,墨初_obin,,145,4915,
6578494123,餺不佶_bebe,,131,3790,
6652208282,扌巨纟色_aprilsong,,55,1236,
3222035290,学会投资,,3859,2751,一生做好三件事：会选择，能坚持，懂珍惜?3
7040114184,睾厍谈识?58,,31,4647,
6640795319,嫣然一笑_elanet,,90,2088,
6640828060,夏若年_sdonline,,61,1404,
6785941034,最大_zfyv,,112,4905,
6607022677,用户2109380396,,135,4774,
6628864589,欲言又止_HONEY,,168,4920,
6632447163,薄荷_AngelaLux,,102,1930,
3173919185,萨修永粗?,151,4622,,4
7010554343,惺卣筒暇?49,,53,3727,
5996062670,纸风铃_美甲WYJ,,180,2855,bye，my love
7040109673,急韧耸孛?13,,42,4766,
3982138436,没你依然晴朗,,332,1371,教育之于心灵，犹雕刻之于大理?6
7075411714,喜猿酝孟?30,,33,4871,
6380065127,夥伴逃去赌?,118,3515,,6
6202864626,旅鼠声张顺民,,173,4122,
6366398541,双子座的d18,,165,3490,想你的时候你在想着谁呢?6
7010363393,尘斗毫诳?73,,57,4896,
5752342758,r连年?,119,3512,,6
6024032684,爱吃慕斯的慕斯dreggy,,183,3057,向来不是坚持的人何必执着到老死不相往?6
6921985914,址苯盅烁局904,,43,1272,
5999396173,哽咽汽摩岳飞,,201,3270,
6005140573,防伪阿妹三爷,,192,2805,黄昏
5746229681,危布凡Malcolm,,163,3408,低调做人是一种高超的处世谋略，低调做人绝不意味着卑微
6035615129,四册计酬行令,,157,3034,
5975264085,御姐晴雯范呵?37,,240,2971,丽江，我的故?6
6032318656,虚假哀怨兴3SKS,,182,3428,
6300421475,迟暮西科洒脱L,,106,3669,
5943407581,可悲地闽淼淼,,222,3056,
5996140974,Array?,186,2893,平民（外一章）,6
7202717207,LCgR2-黄飞鸿wed,,28,2387,
6301374980,时涛鸣_摄影?,102,2349,完美也是一种缺?18,76
6317403056,整齐骄市,,107,2580,
6923220441,观澜荷塘月色010,,77,4547,_
7009230925,了厦腔煞?70,,52,4888,
6283629892,醉梦流浪2020,,3952,364,是否该波澜不?还是应该义无反顾向前
6301175790,续集计委舅舅s,,126,2864,
6295123712,脱掉洗剂跑动sy,,158,2751,
6847905394,W丶_贱止?,58,1307,,18
6903360382,ztq1826dj,,56,920,
6863747644,用户307522049721,,30,911,
6295125337,看在愈多施政p,,161,2810,
6852385699,丹波辱晒_pquv,,110,4855,听闻你后来混得风生水?可我还是喜欢当初那个与世无争的你
6864618874,凉心少年_Chen26,,97,1950,
6323812702,巧嘴楼?,151,3158,,18
6361732656,锐藻?,103,1590,,11
6295095886,很香毛呢帽子BX,,191,3559,
6300422616,河水狠下远出k,,141,2646,
6609147551,用户2246224515,,98,4959,
6712341446,用户6712341446,,146,2744,
2070566713,yes-taday,,254,3593,我是ELF
6029739475,它就堆着这副,,192,3054,
5991188079,创业者何神志凯博,,229,2864,如梦，于山水?10
6303224425,库足金药械PZ,,149,3298,
6301787458,忽见供暖书上z,,155,2798,
6295114592,气旋马上但都f,,148,2746,
6006434917,巧嘴飞翔佩DG0I,,32,727,
6065135486,朵色彩妆A,,114,316,不管什么样的天气，记得随时带上自己的阳光?16
6202703407,你和高雅慧聪,,140,3603,
2896311767,淑女姐姐lmspq,,351,2111,憨厚朴实有碍事业的成?18
3992339353,我爱小金?,324,1549,你若相信，便救我一?18,0
2869965623,牌洲流氓,,367,2836,成功只有一种——按自己的意思过一?18
1932999717,恶毒黎弘雅乁,,325,1771,梦让我失去梦，梦让我?18
1844214582,论文?,610,1236,Por que no?,17
5894788564,清炒大白?,65,538,,17
7306840013,建筑资质咨询316,,5,237,
7038031831,北京华祐蒙泽服装服饰,,10548,5551,主营：职业装定制，男女西装定制、礼服、工程制服等。服务电话：400-150-2542，www.huayoumengze.com
6989497685,皮哥1971,,164,713,嘉陵江畔迎朝?昆仑山下送彩?17
3119885147,Gnaw?,294,739,为了一个没有结果的结果而执着。?17,0
3815969784,馨晓?,1027475,8703,学微博，就到天使学“www.tianshixue.com?17,1
7214514621,用户7214514621,,16,803,
6497039686,潮鞋_王心?,346,3947,亲善产生幸福，文明带来和谐?2,1
6923333403,敌职秩滦?52,,43,4190,
6525503633,潮鞋驿站8074,,388,3958,
6456770276,潮鞋驿站8049,,298,4054,
6529115163,潮鞋驿站8099,,1951,3954,
7009947469,绞坪沽的?12,,62,4447,
6065617489,牵绊你懂得_,,16400,3961,微博不定时在线，Ｖ信?5659578690
7041444769,Nike潮鞋部落630,,166,933,买鞋请加我Ｖ? NB8620
6864168014,凌寒丶周z,,58,3707,
6891072906,冉鼓运咆?29,,83,4933,
1442671777,喵本秒超?,66,2771,,2
6884437530,用户4751029564,,38,1483,
6883411998,消鱸丶dylls,,60,1472,
6870526276,沧笙踏歌丶Rita,,16,875,
6874836719,水墨年华丶ffay,,26,822,
6862025722,与爱绝缘_dreamer,,243,4835,
6409875758,胖妞儿杀?,369,2033,排骨精勿?2,0
6873583403,棠睢丶Tetley,,12,430,
5720572651,华夏易道公司,,354,1069,深圳市华夏易道管理咨询有限公司官方微?2
6024053472,懈怠的仵丨棂镳Zero,,106,1390,人的最高境界：把自己当别人，把别人当自?8
5777377687,魂图仆羊?,182,2937,,8
5996008087,叶思怡马?,200,2968,岛城的雪,8
5178576387,原来都是巴哥我以为z,,263,2782,?8
2701509665,都变成纪念吧,,124,2129,一切顺其自然，越简单越幸福
6029537612,阿根廷不夺冠不改胸腔名字,,248,2343,梧桐香里是故?8
1769248384,鲍采莲_689,,184,3197,
6025767246,Array肌瘤,,313,3080,泪水，化成雨下满?8
5999371624,博维酥油十位,,211,2773,
3164091367,牛仔啊牛?,281,2499,人生世上风波险，一日风波十二时,8
3234205191,吾乃中国攻夫,,389,1953,木筏
3108594815,甜果卡卡?,447,2356,?从这一刻不在相信爱情、只学会了如何欺?8,1
3085119411,哥的贴丶不骂?,392,2102,思念，漫步在寂静的深?8,0
2882629613,新兴幽灵,,771,2410,"　　　　　　　　　　　　 刘易阳说：有童佳倩的地方, 才是我刘易阳的家"
2944817015,暗示?,271,1580,人生，一半半,8
1830637067,之国?,461,2210,祝福你；有了幸福的恋?8,1
3965382846,都市不眠夜潮?,323,1548,艳阳的力?8,1
2693995105,·乄·霛·,,270,1314,记住，不是所有人都是真心所以，不要那么轻易的就去相?8
3069648553,何以如旧?,364,2057,爱情不是花荫下的甜言，不是桃花源中的密语，不是轻绵的眼泪，更不是死硬的强迫，爱情是建立在共同的基础上的,8
6299245851,创小胜倍率8,,109,3564,
6029458102,Array先占,,179,3044,难得闲情来赏?19
6027100607,循环样了试训,,172,2747,
6025970492,练绍丽_714,,158,2623,感动不是心动 将就不是合?你要清楚这一点就不会那么难放?9
6034655710,潘衫后思春?,171,2745,,9
6026929132,暗门议案沾着,,170,2851,
6034406344,介飞?64,,224,2816,溶溶月华寄诗?9
6357371268,德法亚历本息,,78,1287,
6023840886,七年年的细爱,,141,1827,爱很简?三分喜欢 七分珍惜
6015686375,懦弱贝博赡Lee,,178,2237,破镜重圆终有?9
2884377617,虎一嘉乚,,188,3692,包容不涉底限的所?9
6023422576,也是水寒plute,,167,3201,"眼泪不适合与爱情配?总有一天你会为它后?,9,0,1,1,5,0.297521,0.326157,0,0,0,0,1,1
6035167977,归位熟了偶像,,190,2903,,9,1,1,2,5,0.295833,0.323709,0,0,0.050475,1,1,2
6026985622,绝魄heckle,,213,3060,我喜欢来日方长这个词 它总不会让我失?,9,3,2,5,5,0.295833,0.323709,0,0.666667,0.061754,3,2,5
5969864765,文弱情恋?,178,2919,,9,1,1,2,5,0.295833,0.323709,0,0,0.050475,1,1,2
5722369426,打杀而坐旅游,,141,3393,,9,0,1,1,5,0.297521,0.326157,0,0,0,0,1,1
6027524209,粉红孤独绚烂?GJ2,,148,4082,,9,0,1,1,5,0.297521,0.326157,0,0,0,0,1,1
5992994744,乏味蒙飞鸿乀,,218,3162,?314个漂流瓶,9,0,1,1,5,0.297521,0.326157,0,0,0,0,1,1
6005828101,Ene777L,,200,3192,在你没有任何喜欢的人的时?过得是最轻松快乐?尽管偶尔会觉得孤单了?9,1,1,2,5,0.295833,0.323709,0,0,0.050475,1,1,2
5943802914,花红才做失调,,197,3259,,9,1,2,3,5,0.297521,0.326157,0,0.5,0.001946,1,2,3
6101764818,芒果捞扒?,3479551,475,知名娱乐博主,10,2,1,3,5,0.283388,0.315326,0.000804,0.166667,0.023233,2,1,3
5203737687,萌宠生活头条?,9696630,710,美女帅哥资讯博主 萌宠视频自媒?10,0,1,1,5,0.274238,0.29899,0,0,0,0,1,1
6301803189,申领增长求医S,,110,3439,,11,1,1,2,5,0.288462,0.321111,0,0.5,0.001413,1,1,2
6301770502,此例等值益?,,149,2849,,15,2,2,4,5,0.288462,0.321111,0.000014,0.333333,0.004611,2,2,4
6301344074,打人y花种性网,,102,2224,,7,3,2,5,5,0.287097,0.319101,0.000027,0.5,0.05983,3,2,5
6199322923,殉难游鱼稳步,,157,3489,,11,1,1,2,5,0.287097,0.319101,0,0,0.048784,1,1,2
6297161441,纵馨香丨矮小,,165,3360,干鱼山的来历,11,1,1,2,5,0.287097,0.319101,0,0,0.048784,1,1,2
6304088168,嬴翻三售货员,,144,3366,天空，请不要为我哭泣,11,1,1,2,5,0.287097,0.319101,0,0,0.048784,1,1,2
6298081233,偏方人事白首Z,,171,2721,,11,1,2,3,5,0.288462,0.321111,0,0.5,0.001946,1,2,3
2778679394,lisalixuan,,107,3647,,11,1,1,2,5,0.287097,0.319101,0,0,0.048784,1,1,2
6204091406,共约农奴大了,,185,3510,,11,1,2,3,5,0.288961,0.326592,0.000098,0.5,0.048784,1,2,3
6339118213,水文曲面骨肉,,100,1011,,11,1,1,2,5,0.287097,0.319101,0,0,0.048784,1,1,2
6298287963,奢华裴悠雅Heather,,171,3112,不说永远是春?11,1,1,2,5,0.287097,0.319101,0,0,0.048784,1,1,2
6361393734,清秀敬效?,72,1661,,11,0,2,2,5,0.290735,0.328571,0,0.5,0,0,2,2
6322900184,走俏村屯o雪片,,209,2548,?不如现实,12,0,2,2,5,0.295699,0.329697,0,0,0,0,2,2
6199051333,梅斯远视梅尔,,190,3800,,15,2,1,3,5,0.287097,0.319101,0.000014,0,0.050819,2,1,3
6298093106,螺旋骗钱城外Rm,,199,3070,,11,0,1,1,5,0.288462,0.321111,0,0,0,0,1,1
6304720418,恭智美Janice,,120,3424,美丽的心灵，像格桑花一样幸?11,1,1,2,5,0.287097,0.319101,0,0,0.048784,1,1,2
6298080951,磨制索赔多余h,,168,2934,,11,1,1,2,5,0.287097,0.319101,0,0,0.048784,1,1,2
6349827794,4V1AH32j2D0,,98,2151,这个人很?什么也没写!"""
5767994941,K黑框红豆,,165,3125,
6349309444,4Yv7BJKa7C3,,193,3424,这个人很?什么也没写!
6359805252,q195是我,,161,2494,野比大雄 藤野静香
6342109674,费高达爹,,37,1636,
6221175126,呼市丸子会众,,87,1734,
6361643671,衡水薇看,,153,2418,
6298134195,在学证人淘汰GD,,158,2825,
6304825302,法丝琦Ivan,,215,3287,劳动是社会中每个人不可避免的义务
6339182025,秉烛想走批量,,158,2493,依窗听雨滴答滴答
6205756010,游遍认清脱贫,,203,3133,
6301360095,和睦f7品行诸生,,185,2683,我在坚持什?7
6379531133,西毒花上失明,,82,1601,
6296975828,泽东经纬饭吃qB,,152,3429,
6297061132,到货融解万寿Ly,,171,2776,
6295327365,讨饶博会吹熄Ba,,153,2726,
5756339525,权珍宜w,,154,2426,
6298043634,呼延破例托付xr,,164,3249,
6346139670,柳酆雪桃?,51,1629,,7
6602404844,浅笑静听_PPT?,10195,4066,游戏视频自媒?7,0
6301780624,贫困铺面婚庆4,,169,3342,
6364773687,度旷淳雅?,102,1846,,7
2163607997,愤慨的童欣美Rudolf,,158,3733,有时候，希望时间为自己停下，就这样和喜欢的人地老天?7
6299107317,认错市人罪名c,,172,2777,
6321294003,静谧治捕牲底,,131,3066,
6381595203,典雅灵媒崭新,,85,1717,
5743332009,F爱斑?,210,3017,,12
6205316463,喏瞧得巴?,194,3006,,15
6353266153,4iT4L24n6Of,,131,2689,
6202983110,权术级差朝贡,,171,3284,
6301795838,王庄续粗豪Dy,,113,1922,
6329995174,英姿勃勃345,,161,3281,
6331787480,脆皮?557,,150,2600,
6353296233,4gTI0U4SHZ2,,133,3227,这个人很?什么也没写!
6204300258,情报速当?,144,3188,,12
6300994590,亲朋同姓充值JQ,,149,2781,
6301180472,尽收抓牢蹲下P,,138,2582,
6330325061,苏菲7555,,182,2504,
6212723032,轻重中找火网,,200,3175,
6297055406,刑琦森镇?,166,3397,201314，幸福不只在这一?12,1
6300434252,人大沿街才智3T,,187,2661,
6194264675,代用专事内因,,133,2496,
5748678916,W石清幸福,,181,3094,
6633298507,暖若安阳__gilnak,,273,3774,
6712331091,用户6712331091,,21,1285,
6704208521,捂耳听风_ehuiq,,108,1251,
6827618781,天地归吾范生?,206,2251,,14
6562396344,阴只着丶or,,253,4938,
6805319598,司姊大宁车店,,77,1741,
6795349524,婩林木沐聂沐,,77,2463,
6802599853,恨忘忧草江颜薛梏,,38,472,
6767477550,猫晧三七?,41,883,,14
6762591142,啦撸宝贝鱼兜兜梂,,72,1274,
6005802509,陈大胖小姐lenape,,43,200,每天都错过清?每天都遇见余?14
1864485027,懒杨杨的杨杨,,139,1448,
1964358613,谢嘉颖伶?,164,2283,爱是一种责任不爱了也要付责?14,0
3190980951,想想未来忘记过去,,87,1459,一?都好
3174469361,雪泪昀?,276,1656,自由,14
2811968231,老毛跟我?,336,4435,秋叶飘飘,14
2887217671,直接野灬雅懿,,93,2427,昔日老宅，今日菜?14
3626065814,柒心4,,159,1993,
6560224317,小可爱是我hh99,,7,14,
2715224453,A市中的战斗机-8,,112,2744,西湖美景正月天，此处牵手一生缘
7408185981,用户7408185981,,2,324,
3067437442,送涨?牛股30,,115,2175,
5979076285,努力长高的蘑菇君888,,168,2530,客源老店 精准客源 +V：Dayu577-
1510173262,米粒子妈,,170,473,关注我的 VX：wj1600746170
6970295323,小裴的佛珠_myg,,14,4850,
6207545805,沈明长极?,65,1496,,16
7350144110,kuo0107,,1,70,
1117267244,微信精准引流方法,,347,5004,美之媒传媒合伙人筱霞一对一教你精准引流方法?:2280694029
6356501955,易烊千玺-你一微笑世界都亮?,548,487,书法?梨涡?16,0
6436921422,朵色联合创始人研?,31,365,��vx:15042399831（添加备注来意）,16
6806389689,用户6806389689,,3,30,�一?8年创业老阿?�欢迎大家来我这里参?�V❤️：gxz1378628447 ?座右铭：路，是自己走出来的；机会是自己创造出来的?16
6923190109,s_l_i_v_e_r_s_i_l_v_e_r___,,65,4834,沉迷基腐，无法自拔……沉迷国产配音，吐血支持?16
2455866947,简?62,,28,101,梦想还是要有的，万一实现了呢
7076311114,兔僖绿技?81,,28,1976,
6298633998,美子dear,,1429,4961,搞笑视频自媒?16
5219879231,samchan?,5427,4850,,16
5803407702,时淑华_yohyy,,2830,1166,
6456314443,方到会q,,1772,1015,努力努力再努?16
6368652286,王咽了需用aL,,68,1698,
6301169053,实属别说赶在M5,,155,2695,
6304258588,孔文?79,,145,3290,其实真的很简单，只想有个人能陪，不要再让我伤?15
6301793220,劳损蚊香代为qB,,185,2955,
6029468486,0FXBEWSDKF656,,123,1220,
1452727202,zhe210,,2985,8007,
6607047163,皮曲静Mark,,12,375,
6300841140,哄然女团奔了,,139,3127,
6359713526,曜瑞?,113,3069,,15
6383305880,农机住宿啊哈,,66,1711,
6352080616,文中氧气涂装,,165,2535,
6201263154,将比劳滕获?,201,3746,,15
6300290196,荤比值低矮O,,170,3399,
6184694204,小依轻取可卡,,148,3927,
6198944006,国立国富手指,,152,3705,
6362749981,f19傻乎?,184,3331,职业操盘?15,1
6297188971,胥咏志工?,217,3411,,15
6376783657,房源汲水各班,,108,1543,
6374878853,豹伴随小?,199,3193,,15
6210368452,可也破解防臭,,115,3792,
3122509803,記憶爱兿,,261,1384,一个人倒霉至少有这么一点好处，可以认清谁是真正的朋?19
6000160955,前夜赛中行迹,,213,2868,
6301015584,燕青养气东临f,,102,2223,
6301406034,嵇美偲Barnett,,97,1898,
6077533501,录弓长山?,183,1887,这辈子做过最奢侈的事就是爱你,19
6164769657,就这个意思I,,288,2044,别蠢到用认识的时间长短来衡量感情
6084099967,棉_?,223,3122,夜还长，酒还够，我的胸膛依旧够暖，我有故事想去说，谁会陪着谁会听着,19
6074854019,我愿侧耳talker听风,,231,3088,缠在你身旁讨好像乞丐求饶 觉我无关紧要你何知我煎熬
6065292158,呵呵猫Q,,212,3935,有一种包袱，老牌用语叫人在江?19
3695013654,我是马男Bojack,,2348173,152,微博知名情感帐号
6304170156,思图qq516632533,,53,193,
7014759277,随缘退网中10229,,42,90,
6867572796,·股票陆尼?推股?,46,760,私信888领取牛股,0
6778680349,用户6778680349,,28,151,
7008192922,用户7008192922,,24,22,
6891547922,用户6891547922,,36,192,没什么非你不可，也没什么不可失去。愿意留下来的人，就好好相处，彼此言信；想要远走的，就挥挥手说声抱歉，恕不远送?0
6152136037,翡翠人生-,,22,136,翡翠工厂一条龙，批发?1
6286919127,琅琊刀剑客,,306,630,农业  农村  饲料  豆粕
1106313480,天王?571,,1089,3076,时尚女装
6631680530,雪绒10185,,37,92,
6921890682,o_c_i_a_n_d_e_l_a_-,,64,4481,谨言 禁言
6366749514,从深爱到敷衍-刘禹希clear,,273,3348,
6571763457,用户8666805337,,146,4892,
2321278505,ColorsM_Mili,,117,81,人生的价值，并不是用时间，而是用深度去衡量的?1
1211017444,搞笑show,,2116209,6221,搞笑幽默博主 搞笑show超话主持?搞笑视频自媒?3
6872149670,285341487yan,,20,708,
6021128411,慕娜兰乁,,57,715,感情就像一杯烈酒当被第一个人打翻后你只能掺些水再献给第二个人.
6019654965,myra_B,,194,2056,最好别入了我眼磨光我耐心我容易杀了你.
1400959263,哈里路亚001_174,,117,1439,
3793297380,沃冷笑伊,,216,2853,我愿意保留我的俗不可耐的名字，向我自己作为一种警?4
5770875341,y孙姜?,214,2944,,4
5687665808,仇吉玉灬,,108,888,平静的感?4
2233040210,天生壞男?,149,3168,,4
6015246682,贿孤单黑,,166,3910,
6028617689,提点严明孜然,,139,3750,
5406427864,雷同化丷,,190,2791,隐约的痛
5778538038,分案映鱼?,119,1698,,4
5802535703,小姣姣的春天998,,2078,4977,上海蓝星科贸有限公司销售经?4
6019376486,想素太多小伙,,214,3732,人生那么短，能牵手就不要并肩
6019861664,花名门_,,213,3985,即使心里清楚明白会有新的替代也会有恍惚的失落
6607045450,吴强747,,60,782,穿越神灵的闲?4
3563220327,蒙小萌二?,172,4114,,4
5966685821,爱夏亦初_,,425,4754,
5533706452,狄记幕墙钢结构快乐生?,1313,857,幕墙钢结构设计施工专?4,1
5057606125,Xxx大大大王叫我来寻山双?,273,4017,这里还有一片荒?4,1
3969327941,满兴文丨窝囊,,380,1401,好雨落在荒田?10
2690712983,几个过客,,223,4759,我绝不悲观我要争取多活我要为我们的社会主义祖国工作到生命的最后一?10
6215058114,起降治病第四,,86,3480,
2158818811,Mr·?,253,3600,遇上公主遇上?--写给老婆的求爱日?6,1
5764548832,岛国之夜u,,192,4455,
2885692517,炜的一见钟?,208,3228,请把微笑留下?6,1
5944095295,束蔚蓝Phil,,204,2837,最近的生活
5209478895,扒圈小猪,,3060362,747,知名娱乐博主
5941368257,取舍从办,,179,3046,
5993794314,母书语乄谦和,,198,3173,牵手来生
6868647629,怨悔_QIUx,,39,648,
6401080494,奥宝?,8654,115,美妆博主 微博VLOG博主,18
6023686071,想请二层提水,,173,2915,
6380937409,立法破产原味,,104,3068,
6851072702,朱唇宦单崇_gxys,,32,385,
2102999433,度娘白痴不解?,196,4419,暹罗之恋,6
6362928002,坚强的d19958,,107,3610,事已至此?6
6300715379,撑起宋s鹰刀,,87,2621,
6359725042,香容?,107,3465,,6
6203240098,山石施琅桃树,,121,3192,
6295111729,自利热招接获Q,,123,3209,
5974793369,定俊远华?,229,2936,做一个简单的人，踏实而务?7,0
6210600782,燕青惭栽?,185,3174,,11
6575199467,余音未散___Jansny,,151,4911,
6607954841,用户2200333476,,42,2087,
6298176720,凑钱严谨吮吸9M,,163,3067,
6207785146,水肿请缨崇洋,,98,2475,
6304838562,丿睢惠丽厚道,,202,3262,如果爱了，却爱在不对的时?7
6302958361,干瘦凤反,,180,3123,
6317748519,耦合报国名节,,113,2450,
5722293131,任教凸点海德,,160,2822,
6202609729,卖空贫寒纯利,,144,4033,
3956597552,白色蜡笔的婚礼坤,,465,2224,朋友你好，麻烦你更换手机，现在这个手机号我用着呢，我需要注册，谢了?18
5746137872,V赵采香也,,165,2682,
6204144648,病魔颌骨机壳,,146,3653,
6333572927,思恋Yvonne,,219,3724,
6025427179,桐m?,170,3807,整个世界你在就好 余生只望岁月静好,12
5224587509,江满愁姐,,1464,4878,育儿视频自媒?18
6330062052,秀?53,,132,3227,
6301787801,锥子颂扬并举u,,161,3397,
6021310372,整洁单位夕颜?VMQ,,96,2782,
6353324250,4R21a2N74hm,,168,2669,这个人很?什么也没写!
6587285607,用户0293556594,,117,3895,
1256552720,五头猪吃木头的秘?,235,4948,,18
2993154197,油小曾巧鱼坾,,67,1378,
6295060757,唱吧狱警旅?,,186,2811,
6202774857,难色坠子吹出,,158,3218,
6304163599,网间宣布疾书Ro,,106,2817,
6304630149,至尾半球摊销a,,139,3191,
6202610836,联队鼻窦从小,,123,3237,
5307763735,用户5307763735,,22,26,"one way up, no way out!"
3942917446,爱上一座城从心开?,211,473,来不及化妆，至少来的及微?,17
6017294912,西安费司婚纱摄影,,83332,17794,西安费司婚纱摄影官方微博
5693785937,UNHPSSCC-UN人类公仆精神,,1168,6500,UNHPSSCC•联合国人类公仆精神文明委员会•HPSSPABOD•人类公仆神圣奖评审董事局·主席/ 注册：UNESCAP•联合国总部秘书处∥人类哲学•《中华宗谱?
5818928760,只想当仙女吖,,131,161,
6667121972,励志做一个早起的小仙?,115,692,念念不忘，必有回?2,0
5043928492,宝宝取名字起名开运师,,1065258,8981,星座命理博主
3970969905,芳香的理?,368,1229,书籍是人类思想的宝?8,1
3060135323,此吧人真?,329,1625,从猎鹰人说开?8,1
3987577071,醐撸?,294,1495,别再，让泪水滑过你的?8,1
6302026556,台翔宇Adam,,119,3713,
6352493312,4usupx9Jr9q,,200,3661,这个人很?什么也没写!
5722348147,来复思远两季,,153,2309,
3863349958,蓝莓蛋挞8,,378,2173,开心果果比较好?19
6304217165,驿站富足管式o,,152,2819,
3064009733,醉怨宏?,370,2169,爱，让我懂得感恩,19
6225345165,小北CZnathan,,211,2373,不能好了伤疤又忘了未愈合的痛
6097275216,CMoiinare,,89,2264,自古帝王为了征服江山从未说过?19
6137887026,seao7_somite,,163,1581,喜欢一无所有的干净和自?19
7076524334,瀑杜疤侠?38,,45,1860,
6148292331,妖瞳kharif,,236,2272,走过了阳光照耀的路难免会有阴凉漆黑的路等着我走 .
6084327114,val尹尹尹尹?,128,3377,为何你不?只要有爱就有?19,0
6212735875,际遇谓语长亭,,174,4128,
2834686591,馬荚士兵2,,211,3390,缘聚缘散，红尘如?9
6365739417,神甲大恒气功,,90,2505,
6302958121,那条逼问黑莓R,,132,3737,
2886689731,韩竹萱店?,281,4204,百度直接面对终端客户，用的人多了，自然会对你有兴趣，然后媒体就来了——这是工作的需要?9,1
6301175996,采掘话儿吓着db,,170,3823,
6202599612,黄历箴言神明,,130,4179,
6203491543,养猫基色成大,,93,3131,
2823322351,是否忘记_,,236,3266,正如故乡是用来怀念的，青春就是用来追忆的
6366334209,古怪的l1333,,174,3476,必然而然
6363396997,静南?,115,3106,,9
5746491482,心情郁郁n,,160,3504,
6340793499,侮辱心悸有章,,133,3599,
1805222061,飘风2262,,213,5005,
5716733904,沙漠?李海玲Ie,,165,2407,送给我想的人和想我的?9
6375704611,魁梧地杨璠瑜,,112,3190,
6376771647,善变荧屏志明,,114,3340,青春飞扬，梦想起?9
5719502155,破土的豆?H,,187,3418,静夜如诗…?9
6304246495,霜蔓蔓He,,111,3404,
5716610338,司空嘉盛主动,,152,3166,那一段血浓于?9
6300582901,北媚人河?K,,104,3247,
6380153474,宠溺贴歌?,120,3119,,7
6375663120,自娱圈地秋阳,,107,3490,
6380150987,可做纠察名号gh,,127,3240,
6203238384,泵阀勋王位e-,,86,3274,
2087978771,老毕日记,,288,3276,
5964090671,浴兰多少花粉,,219,3101,
5950052572,欧跨限欧初宪,,51,1024,
6019792169,管蛙贪大?,234,2670,,10
5991599712,訾修诚Hazel,,220,2892,你怎么会明?10
6868249520,用户3507398280,,109,3486,
5992510490,占嘉瑞_Jill,,195,2827,游浪
5969802976,寥寂激情K80Y,,172,2736,
3025968285,含片虐待换气,,176,2867,
5997921152,省市丫脚?,174,2820,,10
2651026077,阿四在这,,175,3656,
2496156654,好强阙阳?,181,3090,心愿,10
1468690704,beijingCRV,,74,183,心思缜?心态俱?10
6034918313,侯玉珂_放荡,,92,1485,这样的女孩请别让她受?10
6258648064,私人健康定制专家,,615,4272,
5970402578,闻人慨葬,,168,2911,
6913708727,H改革创新Y,,596,3202,
2899307117,盖安安乄刻苦,,196,4573,像风一样自?10
5312067043,冠名四海,,668,3955,摄影爱好?10
6020294441,五玉泽丨瓦匠,,116,1296,人生就像一盘棋，举棋容易扶择难；观棋容易不语难
5964245923,印垃括福永峡,,155,3175,
6869931103,用户3508887796,,133,3235,
2269646620,青鸟已会?,224,2989,,10
6890046595,段补复渍?99,,80,1410,
6884424937,不复当初丶JQ,,35,1267,
2954054755,小洞天火锅店,,280,1408,再续，雪?10
6194224265,前期小岛明州,,139,3422,
6301790371,挡板心水硬币F,,132,2826,
6301762629,球市丫跟?,165,3374,,11
6208019124,烂漫普桑北村,,153,4299,
6301386055,粘膜某甲劝诫,,65,1720,
6313617630,骄傲的尽心尽力ciqq,,153,2459,
6203166214,路标苏速龙,,105,1816,
6470710185,名牌潮男奢饰品复?,22174,14762,关注V信：SSSCPFK，欢迎加入名牌潮男奢侈品复刻，每日更新新款，微博评论不回复，欢迎各位亲关注微信，带图询价,11
6364576527,承悦?,88,2035,,11
6331081045,星空9931,,156,3234,
6303038723,卫博学Benedict,,91,2068,秋?11
6296560830,恼火掌朗,,148,1741,
6199306982,鸿炒面搭?,160,3642,,11
6208041812,外话不轨内需,,160,3198,
6335983571,小摩?6993,,189,2597,
6303295043,狂星辰谦?,92,2142,回想我的另类朋友,11
6299300489,壤驷敏叡?,69,1844,,11
6342941849,兰咏志灬,,64,1857,
6358471576,汤滕茂才?,136,2270,,11
6334274386,押往带领旋翼,,205,2755,冬天的校?11
6342565135,往事rectangle,,147,3139,
6301167045,则因碧蓝冷食h,,163,2909,
6334581522,老鹰铭记张家,,155,2618,
6300937529,先发分明猛撞AA,,109,2336,
6199135017,荧幕所授悟?,160,3204,,11
6302949545,墩吞服更要mp,,153,3143,
6299305170,已到却让竖立VN,,166,2667,
6302037402,逵去声种羊xF,,119,2835,
6300599635,雪佩?43,,142,2764,从现在开始，你只许对我一个人好，要宠我，不能骗我
6295138298,亟欲光带系辞jN,,152,2993,
6303004105,天真笪丷中仕116,,173,3118,
6295127398,全貌唐风文职t,,161,3527,
6380914819,怎敢赞美交互,,92,1712,
6868251405,用户3507609236,,66,2338,
6761440620,用户6761440620,,32,437,
6197262626,天皇齐声双打,,145,3429,
6386677092,往西县立馄?,60,1781,,7
6884485208,凉城古巷丶starsH,,58,1514,
6937226180,郁乜_xijun,,96,283,
6888583048,岁月静好丶KgArthur,,59,1335,
6301371973,旅鹏赋灬抑郁,,70,2195,
6745470747,用户6745470747,,118,2279,
6304605209,侵袭紧固总舵kZ,,171,3530,
6298027257,靓妹套圈发给d,,111,2436,
6202595356,日美弄到国研,,152,3766,
6341730617,唐僧vein,,87,1640,
6349313880,404chK28dgW,,148,2667,这个人很?什么也没写!
6196875316,吃屎梨涡两派,,196,3216,
6297997104,谅绝顶就上d,,149,3365,
6359712528,念萍?,,37,673,
6291319720,夹住右手远房VA,,124,2945,
6297052081,鉴别那座残片_,,118,2749,
6301008305,磷酸防军竹林2,,116,3168,
6301175128,程呕气煽情J5,,91,1987,
5760351605,baohanyuganyu,,123,2006,
6210371896,叉腰老在疑惑,,155,3298,
6361770576,甘昂熙闽,,104,2793,
6652186465,哚蕾咪_littleleok,,48,588,
6295114020,非我何也幼狮3,,143,2963,
6331781308,飘?59,,103,1950,
5742876657,C讹误?,150,2397,,12
6205472050,说了矽统小叫,,92,2719,
6329710570,松球plea940,,82,2521,
2885970065,七丁山卡卡头?,181,1891,行路?12,0
6300501498,商号傣皮?,,145,3017,
6201285542,档身负箱,,260,3641,
6203708481,柴克厚波超庆,,193,2762,愿你惦念的人能和你道晚安 独闯的日子里不觉得孤?12
6506691989,明汉帝国,,1249,391,诚信，善良，勤谨，用心，踏实
6361726948,赛静海誊,,173,2488,
6212480216,玩到俗家十招,,72,2546,
6205614087,几种趁热贺龙,,175,3150,
6301797211,硅酸正宫流星,,164,3351,明媚的早上、忧伤的旋律
6300505177,冷笑欲言床头L,,113,2101,
6301174963,摩根标点北亚ID,,112,2931,
6204366694,为好特技投毒,,126,3892,
6291351522,仲孙蒸发包月,,164,3199,
6295222121,形物色料下毒H,,150,2614,
6304078102,不错地宏温瑜,,167,3390,九零后的?12
6334548157,雪茄W长亭蕴藉,,87,1653,
6304143002,成败觑浩天A,,166,3383,
6349852421,4vd1JNg9cz1,,153,3394,这个人很?什么也没写!
6342569085,清澈depression,,139,3174,
6365665456,v19201601,,158,2639,爱交?12
6332326433,砖块颐和巴望,,99,2086,喜迎瑞雪
6314070839,长久赖想?,105,2138,,15
6206220618,苏彬鹏群善东?,128,3035,,15
6205434141,发情辜丰?,136,3758,,15
5746384610,米和丽x,,119,1198,
6295129837,看护救护普遍6v,,180,2751,
6938528404,樱花吹雪80643,,39,427,
6301229947,孝志义_37,,113,2391,凡是想获得优异成果的人，都应该异常谨慎地珍惜和支配自己的时间
6301077877,国图市况带着qe,,115,2917,
6852241391,l丶倾城乱世355,,86,1166,
6882091290,陌落繁華丶SEMIJin,,48,1910,
6359723182,最佳运发织,,147,3125,
6364339334,沛菱?017,,139,1914,
6871977242,绝情谷丶5L,,20,512,
2328818802,帉眉只为君描?,60,1651,,15
6349171292,梯次宇通回?,149,2619,是幸福与我隔岸相?15,0
6340692091,几样击掌铁艺a,,128,1831,
6203970206,下嫁可做战记,,163,3380,
6334580575,觅香?,148,2497,,15
6354119091,碧同化丨奢侈,,157,3174,一纸素笺，消瘦了谁的容?15
6352304666,贾俊豪_统计?,165,3363,,15
6303196273,幽远压得美卡D,,174,2710,
6302124869,燕令美丶健壮,,155,3307,
6302035620,深奥角度三是E,,159,2887,
6202870057,尽然匈科?,144,3061,,15
6380944853,大棚甲醚见表F,,70,1664,
6207826034,候选欲海剧?,150,3868,,15
6822323648,吉杜?,335,1333,,19
5997421510,一念之??043,,142,341,
6070148395,红红火火73571,,107,164,
6710803397,艾美禄杨雪艳,,441829,233,丰胸达人
7029983537,用户17625209456,,4,88,
5764589236,缠中忆缠,,142,23,身在缠中，焉能悟缠?0
6827516572,股票陆尼?··,,71,1290,财经博主
7009785996,用户7009785996,,40,257,
6402651083,9wwwW_,,335,3136,莫等?白了少年?0
7005666337,用户7005666337,,41,179,
6627268586,寻求正义123,,1243,9121,热爱祖国，公正正?0
6608014491,周龙38918,,284,81,
5593366222,?6127,,902,3166,相信自己?0
3996637938,君君私人衣橱,,723,1211,有一种陪伴，虽然不言语，却感动生命。有一种守望虽然都无声，却温暖心灵。长久的感情总品一盏茶，洗去尘埃，洗去沧桑，洗去虚情假意?0
2186165713,章丘玉杰的世?,662,4214,,0
6218476881,我是女侠?,694,4650,,0
6430152372,安楠·,,1182448,2706,北京齐智投资咨询有限公司 CEO
5231099272,空气补给?011?,966,2645,,0
1784523971,MorningStar微博,,184,166,有过的生活如此珍?0
6640775865,葬花吟_appleabc,,59,1389,
6964525356,还enNsnowinrain,,105,2851,
6863528708,TBU扇菅,,127,2455,
3288522363,好好好好05,,1659,5002,
6370850645,謃力正版电玩城游戏中?,71,283,诚信，威信：ni1906724794,1
6580625307,祝茨linFI,,127,4810,
6340024249,安静的心1234,,335,1882,
2792148787,面具爱人_1987,,11,30,
6923125121,全无?11111,,48,4478,努力!拼搏!
7075600441,颓遮济箍?12,,28,2099,
7011006769,啡雍形餐?13,,58,4835,
6626012992,木槿___Dr,,139,4930,
6607914734,用户2189092069,,74,3308,
6711611047,用户7338580787,,88,2978,
6871109528,炭黑缠_b0eh,,78,4908,
6639293199,夏殇_Shine,,183,4909,
6636337942,捂耳听风_kittysu,,144,4930,
6640764049,东邪西毒_candyleee77,,63,1572,
6631384677,墨染城_jihaoran,,161,3959,
6744748597,用户6744748597,,99,1330,
6792899787,用户0397111548,,4,507,
6395505840,epower?,110,71,,1
6577430678,转极的道干子遥胜action,,176,4946,
6577167233,冷月_yourself,,127,4862,
6607751407,用户2163970393,,98,4896,
6698598313,Owil?,129,304,人生下来不是为了抱着锁链，而是为了解开双翼；不要再有爬行的人类。我要幼虫化成蝴蝶，我要蚯蚓变成活的花朵，而且飞舞起来?1,0
6699106057,夏冰冰iCy?,203,4270,人之所以能，是相信能?1,0
2778514921,珠峰上的水郦?,85,1184,为何你拿着我的旧船票，上了他的破船?1,0
6695036025,梅越青v,,112,85,精神象乳汁一样是可以养育的，智慧便是一只乳房?1
6642100578,stone十七岁鸥,,628,185,冬天已经到来，春天还会远吗？--雪莱
6642100526,别让幸福等的太久?,118,326,,1
6679396913,syshy?,154,2805,第一个青春是上帝给的；（名人名言 www.shszc.com）第二个的青春是靠自己努力的?1,0
6503521172,an安妮?,115,236,,1
6605571060,孙尤民彪,,224,265,
1743779731,chiakiraya,,132818,593,知名体育博主
1662018567,天天种草推荐,,724097,72,知名搞笑幽默博主
1764452651,傅蔚?,1502853,1361,上海金融与法律研究院研究?微博签约自媒?4,0
3028215832,娱扒?,3020883,237,娱乐综艺视频自媒?4,0
1939419914,车少话车,,2190371,370,资深汽车达人 微博汽车视频帐号 汽车视频自媒?4
1353879573,期货老司?,15210,589,知名财经博主,4
1985532625,雨梦图文?,180158,376,知名情感博主,4
1824603365,旅游曝光?,355072,952,旅游博主 旅行视频自媒?旅游出行答主,4
5927838165,TomHolland资讯?,805494,130,TomHolland超话主持?4,0
2359950584,抑郁症婚姻家庭情感咨询心理医?,2749088,301,国家一级心理咨询师,4
5801863641,GW子顾,,1769,629,旅游博主 全球精英摄影超话主持?头条文章作?4
5532150957,是你的李同学,,188060,110,美妆博主 微博原创视频博主
2025167033,去梅阿查看米兰德?,284,167,,4
5172843865,小林是李昀?,1883680,244,演员、歌?4,0
1853864685,Jester_CC,,180,2961,
5774941757,花蕊劈做?,71,775,,4
5687682359,妮妮sqhaw,,264,3021,荷塘亭避?4
6019753216,讲道饽饽改革,,175,3846,
2890014587,宝你?,283,3930,有谁为你心动，有谁为您担心虚伪的世界，所有人都虚伪的活着,4
6021124556,呆呆兔cruck,,176,3842,我愿听从风的安排可惜它从来不按常理出?像极了你
6004656164,胆大善静淑_Adair,,75,1157,逊色的情
6026483644,盼望微小HUG5,,198,3717,
5982356873,紫鸢?,15769,5048,欢迎各位朋友,4
3266868183,薇赫眉型设计中心,,910,2770,专业眉型设计，专业韩式定妆画眉、精细美睫线、水润红唇，北京/wechat:13810977381、天?wechat:13388050576
5028546328,炎彬造型?,86156,1586,工作：艺人妆? 杂志  mv 私化 私人订制  联系vx: 815786313,4
2894059391,所学义Luther,,134,1729,菜花?4
2739500652,李_小皓丶x_xx,,223,2234,前世与今生的距离
5370920516,浮尘200311,,85,104,
3303732897,iamh问话u-na,,119,1765,我独自守候着岁月的轮回，等待那千年的?4
2568869865,jiang147的美丽人?,96,1001,,4
2702826867,欧阳依幕,,85,1307,黄山落日
3986000229,传说的好妹妹,,277,1287,紫陌红尘，几多相思梦?4
2891693823,雪儿飞飞XEFF,,110,1084,"眼睛永远不要为那些愚弄过你的人哭泣，用它来找?你的真命天子吧?,4,0,1,1,5,0.283388,0.315326,0,0,0,0,1,1
5510725453,_Ant养护,,88,3198,水调歌头,4,0,1,1,5,0.283388,0.315326,0,0,0,0,1,1
2900924897,Henry-陈开?,107,127,台球    游泳,4,0,1,1,5,0.283388,0.315326,0,0,0,0,1,1
5992892670,敬暖梦乀,,206,2978,走出人生的沼泽地,6,0,1,1,5,0.307692,0.350463,0,0,0,0,1,1
5969470810,惊吓忆恋惊恐,,183,2970,,6,0,1,1,5,0.307692,0.350463,0,0,0,0,1,1
6035871547,不齐应力小豆,,158,2962,,6,0,1,1,5,0.307692,0.350463,0,0,0,0,1,1
2614720592,纤弱地尚宏?14,,187,3579,现实是此岸，成功是彼岸，中间隔着湍急的河流，兴趣便是河上的桥，只要行动就可以通过,6,0,1,1,5,0.307692,0.350463,0,0,0,0,1,1
6028168621,孤零零的光_,,194,2924,你说过牵了手就算约定，但亲爱的那并不是爱情?6,0,1,1,5,0.307692,0.350463,0,0,0,0,1,1
5744764811,h硬度?,161,3512,,6,0,1,1,5,0.307692,0.350463,0,0,0,0,1,1
6012930867,缠绕蜡黄崇拜?YA5,,204,2964,,6,0,1,1,5,0.307692,0.350463,0,0,0,0,1,1
6023285969,橘子丶加葡萄,,276,3085,我有一个只能看资料不能添加的好?6,0,1,1,5,0.307692,0.350463,0,0,0,0,1,1
6029866745,推掉这只力克,,190,3221,,6,0,1,1,5,0.307692,0.350463,0,0,0,0,1,1
6859169020,aM卡布奇諾_Elva,,64,1507,,6,0,1,1,5,0.307692,0.350463,0,0,0,0,1,1
6638388538,暖若安阳_cole,,132,4922,,6,0,1,1,5,0.307692,0.350463,0,0,0,0,1,1
6636757921,笨小蛋__rje,,157,4860,,6,0,1,1,5,0.307692,0.350463,0,0,0,0,1,1
6301783463,拘捕夜空欠钱c,,113,3390,,6,0,1,1,5,0.307692,0.350463,0,0,0,0,1,1
6201152885,张骞求出沙砾,,153,3949,,6,0,1,1,5,0.307692,0.350463,0,0,0,0,1,1
5756575986,yinhexinweie,,124,3148,,6,0,1,1,5,0.307692,0.350463,0,0,0,0,1,1
6376772684,阴平鲜血翻本,,137,3211,,6,0,1,1,5,0.307692,0.350463,0,0,0,0,1,1
6301795810,率达听候出国Lu,,80,2413,放弃并不是坏?6,0,1,1,5,0.307692,0.350463,0,0,0,0,1,1
6661833460,唯你是命_meilrlk,,101,2189,,6,0,1,1,5,0.307692,0.350463,0,0,0,0,1,1
5554199699,鞋途人生架?,244,4185,别让自己活得太累应该学着想开、看淡，学着不强求，学着深藏,6,0,1,1,5,0.307692,0.350463,0,0,0,0,1,1
6028258276,吞_拿鱼爱阅?,153,1692,来日再聚 再把回忆下酒.,6,0,1,1,5,0.307692,0.350463,0,0,0,0,1,1
2685954947,碧落凝寒舞恮,,103,848,,6,0,1,1,5,0.307692,0.350463,0,0,0,0,1,1
6654125384,用户6654125384,,88,1456,,6,0,1,1,5,0.307692,0.350463,0,0,0,0,1,1
6298087004,向高和善不复1,,108,3306,,18,0,1,1,5,0.265683,0.290741,0,0,0,0,1,1
6301829131,乘隙数量剪去,,134,3288,,18,0,1,1,5,0.265683,0.290741,0,0,0,0,1,1
6329992471,落寞常杆,,171,2951,,18,0,1,1,5,0.265683,0.290741,0,0,0,0,1,1
6304662484,拍了一言仍未0,,104,3725,,18,0,1,1,5,0.265683,0.290741,0,0,0,0,1,1
6539359330,Commitmetsul99,,204,4901,,18,0,1,1,5,0.265683,0.290741,0,0,0,0,1,1
6334964542,穿行钢圈广西,,159,2969,随感,18,0,1,1,5,0.265683,0.290741,0,0,0,0,1,1
6478478958,勤劳的水?478478958,,122,3585,,18,0,1,1,5,0.265683,0.290741,0,0,0,0,1,1
6462799344,回忆的怅然大魔?,165,4160,,18,0,1,1,5,0.265683,0.290741,0,0,0,0,1,1
6297237959,金睛弊病运达O5,,83,3423,,18,0,1,1,5,0.265683,0.290741,0,0,0,0,1,1
6298292678,邱永昌客?,156,3307,在家靠父母，出外靠朋?18,0,1,1,5,0.265683,0.290741,0,0,0,0,1,1
6304864524,宠儿-散伙锰矿,,85,2661,,18,0,1,1,5,0.265683,0.290741,0,0,0,0,1,1
6300463413,支票攥住不同8,,139,2635,,18,0,1,1,5,0.265683,0.290741,0,0,0,0,1,1
6588684322,用户6588684322,,3,205,,17,0,1,1,5,0.262774,0.282639,0,0,0,0,1,1
2539389605,省钱助手?,2202,564,领天猫优惠券，省钱购?17,0,1,1,5,0.262774,0.282639,0,0,0,0,1,1
3906420617,指尖上的信用?,66080,16664,超级管家，积分兑换，预订机票，酒店，办理各种信用卡，免费领取pos机。VX: 1312338312,17,0,1,1,5,0.262774,0.282639,0,0,0,0,1,1
6770191549,lf小时候披床被单就为王106,,147,81,?17,0,1,1,5,0.262774,0.282639,0,0,0,0,1,1
6863637841,逗比症____Tina87,,54,1694,,2,0,1,1,5,0.26087,0.279167,0,0,0,0,1,1
5446882417,旸瑫,,407,1982,一个烹文取?煮字疗饥的生活家. 文字散见报刊杂志及网? 微信公众?旸瑫 QQ(微信)69421456"""
6861182346,冰是睡着的水丶彡,,100,1514,
2065274767,上海隆誉禄贸?,16871,11582,上海隆誉禄贸易有限公?2,0
6498188089,悠悠岁月-v,,328,834,不悔过去~不惧未来~不负当下
6734061944,愿我长如少年?,328,114,,2
6403231907,西安唯一视觉婚纱摄影工作?,11330,596,西安唯一视觉婚纱摄影官方微博,2
5780840927,西安FACE摄影,,205,3198,西安费司婚纱摄影
5623053584,哎呦添妈,,888,665,北京迅猛时代科技发展有限公司 贾秀?2
3992235448,坚持到底sada,,384,1545,生命是一种过程而不是一个目?8
2829251433,小徕?,652,2218,一封永远不会寄出去的分手信,8
2884451027,同意并提交啊,,535,1810,我想知道这些仓皇南飞的大雁带走了谁的思念
2940505423,橙色的路?,576,1509,谨以此诗献给六年前因患精神病而离家出走的三叔,8
6364819057,olivan金宝宝水灵灵,,119,3338,
2889380275,牛肉米粉培训,,238,5006,故乡，故土，故人
5991927783,玉猴年面小飞?0,,256,2909,小妖学骑?9
6300922588,新著有点刷牙t,,115,3542,
6374977623,象永怡丨端庄,,141,3261,槐花香漫故乡?9
5743055074,叁眼籽I,,135,2468,
3912719172,仅秒秒白?,250,4576,人只有献身社?才能找出那实际上是短暂而有风险的生命的意义,9
5964214786,顾裳河内,,204,2798,
6291345216,可在男婴匠心5,,109,3241,
5963761629,微小天高昼夜?,223,2977,,9
6380066494,遇敌仲秋打进1,,163,3492,
6352166991,怎知它会娇躯,,136,3580,唇齿相依关共运，戚欣与共胜天?9
6301754052,我恨劈手自编YL,,108,3381,
6031500914,惧怕悲伤L0UD,,94,1352,
6008671941,零落思绪朱唇?VZC,,195,2971,
2728516561,冰山雪莲肾虚95628,,178,3763,人生几度?10
6027521887,一条青蛙他早嘎嘎嘎,,248,2930,此夜寂寂
5992086078,红灯时变身大?,221,2811,过去的，再也回不?10,0
6744431764,用户6744431764,,171,3103,
2893433165,建业__雨轩,,355,1617,细腻与风雅原是朴实的人必然具备的长处，在他身上使他的谈吐更耐人寻味，不亚于主教的辞?10
6334597064,孙灵韵Dawn,,129,3089,不管先人是多么富贵，一个败家子就足以损坏门?11
5764541069,E熊牛?,229,3243,,11
6300852544,及时遣返归宗iY,,119,3490,
5767791453,牛水井G,,147,3027,
5758554242,xidiandiaosegu,,156,2170,
6299258842,孝道乱讲耐心2-,,149,2824,
6304802848,娇娆陀文轩,,175,3336,爱?11
6340013135,只待截击由谁,,106,2322,
6301165031,则用传道引起X,,181,2874,
6210466770,趁势年逾论?,129,2752,,7
6345932707,榴弹宰坐?,211,2517,,7
2911028020,陀闲丽?,97,1211,编造谎言的人撒的每一次谎不只是自杀行为，而且还是对人类社会的健康的伤?7,0
6202684633,源源尿痛内里,,193,3796,
6364281670,茆醉春劣,,176,2979,
6301104052,将该爽口卉mP,,146,2717,
6304611009,裔德义_285,,119,2647,妇女教育的不可动摇的目的就是养育子女
6301893276,全会赢利套图Cc,,175,2957,
6295071928,松松才略中报F1,,177,2854,
6364222105,盘子昂劳,,98,1745,
6645219517,罷菰_Tii,,63,1325,
6295206119,仍为孙莉认作t,,115,3129,
6296973625,尘世符陵,,147,3193,
6201224506,停赛盐场纯种,,190,3354,
6295078134,成像背叛药枕y,,181,2709,
5746170968,e旅英俊驹,,143,2797,
5756279420,erlanlinzai,,177,2728,
6295121328,特徵仆人够狠E3,,143,2710,
6203930806,慕恋6808,,179,3529,
6320208796,留恋友惯?,124,2469,,12
6298164787,庞大温室追授65,,116,2655,
3969412501,莎漏卟哭,,387,1367,荒凉里的山路悄无声息
6860611736,用户2817532200,,63,1512,
5919204190,长春生活新资?,1241,3227,,16
6916071244,一招教-你瘦肚子,,167,2673,瘦身vx：jf4381
5889576846,上海风逸?,7473,3412,杭州墨咔电子商务有限公司出纳经理,16
2631468561,窗台下的猫咪1206,,1985,4888,视频自媒?16
5889577857,小可耐萱?,679,2555,河南农友农业开发有限公司审计经?16,0
6008983785,love-仙女大大,,4535,1243,上海靓可家居用品有限公司企划经理
5946108141,半夏有点COLD,,1381,4187,"还在愁你的产品无人问津？在愁你的客源少么?V284364147微信,微博tui广，专业微商tui广加客源，微店淘宝tui?,16,0,1,1,5,0.26087,0.279167,0,0,0,0,1,1
3738603607,苏小蹊smart,,3212,4961,一个积极阳光上进girl,16,0,1,1,5,0.26087,0.279167,0,0,0,0,1,1
5969516260,最小干燥最小寂,,153,3040,,16,0,1,1,5,0.26087,0.279167,0,0,0,0,1,1
5879405620,大仙仙儿?,7260,4263,贵州大食堂餐饮管理有限公司厨?16,0,1,1,5,0.26087,0.279167,0,0,0,0,1,1
6792943080,tdreamchao画眉如黛,,57,3068,,16,0,1,1,5,0.26087,0.279167,0,0,0,0,1,1
2695095725,小焕鸿艾锐吖,,3086,3707,,16,0,1,1,5,0.26087,0.279167,0,0,0,0,1,1
5389491612,y初夏天微?,388,6597,咨询+v：hy98212微信推广微商推广百度微博推广,16,0,1,1,5,0.26087,0.279167,0,0,0,0,1,1
5852528901,阿文ifghdj,,5375,2486,咨询➕V?178867871,16,0,1,1,5,0.26087,0.279167,0,0,0,0,1,1
6615724710,见易思千_Gossip_Cat,,120,4020,,16,0,1,1,5,0.26087,0.279167,0,0,0,0,1,1
5203598973,dcy_布丁2,,2974,3510,人出生两次吗？是的。头一次，是在人开始生活的那一天；第二次，则是在萌发爱情的那一天?16,0,1,1,5,0.26087,0.279167,0,0,0,0,1,1
6320129620,童年美好的记?,1923,5662,,16,0,1,1,5,0.26087,0.279167,0,0,0,0,1,1
6862197682,爱奋斗的小英,,66,986,咨询＋V〔aylj2468〕用心做?和赢都是精彩的，"""
5774168969,Super悦悦大仙?,10756,1563,美瞳货源招代理，带你月入过万，咨?V?bingmiao9,16
5601420966,丑到让你忘不?,231,3100,VX:284364147,16
6859785249,aJ深情致命_stupid8,,19,416,
2715262761,妙玉浅浅,,2565,4784,
3235295505,998晨晓,,339,7220,微商推广咨询+v：hy98212
3319250863,精准引流客源Judy,,671,4989,微博不在线，v：Lei01010308
2895778682,湘与鲁伊怒呿,,63,1192,
6858992572,aJ終年不遇__even_,,63,1252,
5499477880,锦户历纺,,1969,4822,要求于人的甚少，给予人的甚多，这就是松树的风格。－－陶?16
3109806201,玲家吃乐,,421,881,给生活加点料?16
5775848970,小柚子kiss,,21551,5184,健康视频自媒?16
6400676406,MOT茉特小姐?,21964,4249,茉特执行董事，化妆品实体店店主，化妆品批发、零售，实体店供货商，快手抖音红人，精准引流?16,0
6744566194,用户6744566194,,112,1697,
6825704532,用户6825704532,,74,1740,厨具厂创办人，轩辕国际合作伙伴！陆朝?16
6155320998,一岁悲喜即而远?,10005,3996,咨询克原＋威d1137107590或扫下方二维码�,16
6691019032,用户6524405782_94449,,46,1948,
5920545616,陈_Yut2333,,848,3129,美食视频自媒?16
6434525155,牛轧糖TT大宝?,10906,7675,给微上加客园，威?34462702,16
2625998745,尝我爱联盛联,,57,3598,
6209861707,斑白护国社团,,105,2657,
6761655413,唐人先生陈观枀,,76,1198,
6317456949,孤单弃沾?,158,3193,,15
6295297505,边境奋力4M褒啜,,95,2508,
6359574318,莘迎阳泰,,57,862,
6203985223,如云一袭辉?,190,3500,,15
6364834892,飞语?,146,3009,,15
6359408213,真诚的Hu____ining,,165,2674,
6374929587,图灵构副?,137,2276,被遗忘的末班?15,0
6301112410,春暖相救掩耳X,,167,2846,
6301100868,驶来海军待批Bj,,187,3140,
6026984364,丰富吞吐,,143,2827,
